event_id,domain_id,event_name,description,environment,frequency,related_domains,display_order,status,source_file
CLO-001,DOM-CLO,شراء ملابس جديدة للأسرة,,,,,1,معتمد مبدئيًا,Pasted markdown(20).md
CLO-002,DOM-CLO,استلام طلب ملابس عبر الإنترنت,,,,,2,معتمد مبدئيًا,Pasted markdown(20).md
CLO-003,DOM-CLO,إرجاع أو استبدال ملابس غير مناسبة,,,,,3,معتمد مبدئيًا,Pasted markdown(20).md
CLO-004,DOM-CLO,اختيار ملابس النهار المناسبة للطقس,,,,,4,معتمد مبدئيًا,Pasted markdown(20).md
CLO-005,DOM-CLO,اختيار ملابس النوم,,,,,5,معتمد مبدئيًا,Pasted markdown(20).md
CLO-006,DOM-CLO,اختيار ملابس مناسبة لمناسبة اجتماعية أو رسمية,,,,,6,معتمد مبدئيًا,Pasted markdown(20).md
CLO-007,DOM-CLO,ارتداء الملابس,,,,,7,معتمد مبدئيًا,Pasted markdown(20).md
CLO-008,DOM-CLO,خلع الملابس في نهاية اليوم,,,,,8,معتمد مبدئيًا,Pasted markdown(20).md
CLO-009,DOM-CLO,تغيير الملابس بعد اتساخها أو تبللها,,,,,9,معتمد مبدئيًا,Pasted markdown(20).md
CLO-010,DOM-CLO,جمع الملابس المتسخة من أفراد الأسرة,,,,,10,معتمد مبدئيًا,Pasted markdown(20).md
CLO-011,DOM-CLO,فرز الملابس المتسخة قبل الغسيل,,,,,11,معتمد مبدئيًا,Pasted markdown(20).md
CLO-012,DOM-CLO,تشغيل دورة غسيل الملابس,,,,,12,معتمد مبدئيًا,Pasted markdown(20).md
CLO-013,DOM-CLO,نشر الملابس لتجفيفها طبيعيًا,,,,,13,معتمد مبدئيًا,Pasted markdown(20).md
CLO-014,DOM-CLO,استخدام مجفف الملابس الكهربائي,,,,,14,معتمد مبدئيًا,Pasted markdown(20).md
CLO-015,DOM-CLO,كي الملابس لإزالة التجاعيد,,,,,15,معتمد مبدئيًا,Pasted markdown(20).md
CLO-016,DOM-CLO,طي الملابس النظيفة,,,,,16,معتمد مبدئيًا,Pasted markdown(20).md
CLO-017,DOM-CLO,تعليق الملابس في الخزانة,,,,,17,معتمد مبدئيًا,Pasted markdown(20).md
CLO-018,DOM-CLO,ترتيب وإعادة تنظيم خزانة الملابس,,,,,18,معتمد مبدئيًا,Pasted markdown(20).md
CLO-019,DOM-CLO,البحث عن قطعة ملابس مفقودة أو مختبئة,,,,,19,معتمد مبدئيًا,Pasted markdown(20).md
CLO-020,DOM-CLO,تصليح ملابس ممزقة أو تالفة,,,,,20,معتمد مبدئيًا,Pasted markdown(20).md
CLO-021,DOM-CLO,تبديل أزرار مفقودة أو تالفة,,,,,21,معتمد مبدئيًا,Pasted markdown(20).md
CLO-022,DOM-CLO,إزالة بقع صعبة من الملابس,,,,,22,معتمد مبدئيًا,Pasted markdown(20).md
CLO-023,DOM-CLO,غسل الملابس الحساسة باليد,,,,,23,معتمد مبدئيًا,Pasted markdown(20).md
CLO-024,DOM-CLO,إرسال ملابس خاصة إلى التنظيف الجاف,,,,,24,معتمد مبدئيًا,Pasted markdown(20).md
CLO-025,DOM-CLO,تخزين الملابس الموسمية (شتوية/صيفية),,,,,25,معتمد مبدئيًا,Pasted markdown(20).md
CLO-026,DOM-CLO,إخراج الملابس الموسمية من التخزين,,,,,26,معتمد مبدئيًا,Pasted markdown(20).md
CLO-027,DOM-CLO,التبرع بملابس لم تعد مستخدمة,,,,,27,معتمد مبدئيًا,Pasted markdown(20).md
CLO-028,DOM-CLO,التخلص من ملابس بالية غير صالحة,,,,,28,معتمد مبدئيًا,Pasted markdown(20).md
CLO-029,DOM-CLO,تمرير ملابس الأطفال الكبار للأصغر سناً,,,,,29,معتمد مبدئيًا,Pasted markdown(20).md
CLO-030,DOM-CLO,استلام ملابس مستعملة من أقارب أو أصدقاء,,,,,30,معتمد مبدئيًا,Pasted markdown(20).md
CLO-031,DOM-CLO,تجهيز حقيبة ملابس للسفر أو النزهات,,,,,31,معتمد مبدئيًا,Pasted markdown(20).md
CLO-032,DOM-CLO,تفريغ وتنظيف حقيبة الملابس بعد العودة,,,,,32,معتمد مبدئيًا,Pasted markdown(20).md
CLO-033,DOM-CLO,غسل ملابس العودة من السفر أو النشاط الخارجي,,,,,33,معتمد مبدئيًا,Pasted markdown(20).md
CLO-034,DOM-CLO,كتابة أسماء الأطفال على ملابس المدرسة الجديدة,,,,,34,معتمد مبدئيًا,Pasted markdown(20).md
CLO-035,DOM-CLO,تجهيز ملابس العودة للمدرسة أو العمل,,,,,35,معتمد مبدئيًا,Pasted markdown(20).md
CLO-036,DOM-CLO,تجهيز ملابس الرياضة أو النشاط البدني,,,,,36,معتمد مبدئيًا,Pasted markdown(20).md
CLO-037,DOM-CLO,غسل ملابس الرياضة أو العمل المتسخة بشكل خاص,,,,,37,معتمد مبدئيًا,Pasted markdown(20).md
CLO-038,DOM-CLO,تهوية الملابس قبل ارتدائها أو تعليقها,,,,,38,معتمد مبدئيًا,Pasted markdown(20).md
CLO-039,DOM-CLO,تغيير اللباس الداخلي اليومي,,,,,39,معتمد مبدئيًا,Pasted markdown(20).md
CLO-040,DOM-CLO,غسل اللباس الداخلي والجوارب بشكل منفصل,,,,,40,معتمد مبدئيًا,Pasted markdown(20).md
CLO-041,DOM-CLO,تنظيف وتلميع الأحذية,,,,,41,معتمد مبدئيًا,Pasted markdown(20).md
CLO-042,DOM-CLO,ترتيب الأحذية في مكان التخزين المخصص,,,,,42,معتمد مبدئيًا,Pasted markdown(20).md
CLO-043,DOM-CLO,البحث عن زوج حذاء مناسب للمناسبة,,,,,43,معتمد مبدئيًا,Pasted markdown(20).md
CLO-044,DOM-CLO,إصلاح أو صيانة الأحذية التالفة,,,,,44,معتمد مبدئيًا,Pasted markdown(20).md
CLO-045,DOM-CLO,تخزين وترتيب الإكسسوارات (أحزمة، أوشحة، ربطات),,,,,45,معتمد مبدئيًا,Pasted markdown(20).md
CLO-046,DOM-CLO,اختيار إكسسوارات مناسبة للملابس المرتداة,,,,,46,معتمد مبدئيًا,Pasted markdown(20).md
CLO-047,DOM-CLO,تغيير ملابس الطفل بعد الحادثات (التبول/التبرز),,,,,47,معتمد مبدئيًا,Pasted markdown(20).md
CLO-048,DOM-CLO,غسل ملابس الأطفال الرضع بشكل منفصل,,,,,48,معتمد مبدئيًا,Pasted markdown(20).md
CLO-049,DOM-CLO,ترتيب ملابس الأطفال حسب العمر والمقاس,,,,,49,معتمد مبدئيًا,Pasted markdown(20).md
CLO-050,DOM-CLO,تفقد مقاسات الملابس وتحديثها مع نمو الأطفال,,,,,50,معتمد مبدئيًا,Pasted markdown(20).md
COMM-001,DOM-COMM,الذهاب إلى المسجد أو دار العبادة,زيارة المسجد أو الكنيسة أو دار العبادة للصلاة أو المشاركة الدينية,مسجد / دار عبادة,أسبوعيًا,العلاقات الاجتماعية، التنقل,1,معتمد مبدئيًا,community_events_assistant_1
COMM-002,DOM-COMM,زيارة الحديقة العامة,قضاء وقت في الحديقة العامة للاسترخاء أو المشي أو الترفيه,حديقة عامة,أسبوعيًا,الصحة، الترفيه، التنقل,2,معتمد مبدئيًا,community_events_assistant_1
COMM-003,DOM-COMM,المشي في الحي أو الممرات العامة,التجوال مشيًا في أرجاء الحي أو الشوارع المحيطة بالمنزل,شوارع الحي,يوميًا,الصحة، التنقل,3,معتمد مبدئيًا,community_events_assistant_1
COMM-004,DOM-COMM,زيارة أحد الأقارب في منزله,الذهاب لمنزل قريب أو صديق للعائلة للزيارة والتواصل,منزل قريب,شهريًا,العلاقات الاجتماعية، التنقل,4,معتمد مبدئيًا,community_events_assistant_1
COMM-005,DOM-COMM,لقاء أسري خارج المنزل,مقابلة أفراد الأسرة في مكان عام كمطعم أو حديقة أو مقهى,مطعم / حديقة / مقهى,شهريًا,العلاقات الاجتماعية، التنقل,5,معتمد مبدئيًا,community_events_assistant_1
COMM-006,DOM-COMM,الذهاب إلى مقهى,الجلوس في مقهى لشرب القهوة أو الاجتماع بالآخرين,مقهى,شهريًا,العلاقات الاجتماعية، الترفيه، التنقل,6,معتمد مبدئيًا,community_events_assistant_1
COMM-007,DOM-COMM,تناول وجبة في مطعم,تناول الطعام داخل مطعم أو محل وجبات جاهزة,مطعم,شهريًا,العلاقات الاجتماعية، إدارة المال، التنقل,7,معتمد مبدئيًا,community_events_assistant_1
COMM-008,DOM-COMM,استلام طعام خارجي من مطعم,الذهاب لمطعم لاستلام وجبة تم طلبها هاتفيًا أو رقميًا,مطعم,أسبوعيًا,التنقل، إدارة المال,8,معتمد مبدئيًا,community_events_assistant_1
COMM-009,DOM-COMM,زيارة المكتبة العامة,الدخول إلى المكتبة العامة لتصفح الكتب أو القراءة أو الاستفادة من المرافق,مكتبة عامة,شهريًا,الترفيه، التنقل,9,معتمد مبدئيًا,community_events_assistant_1
COMM-010,DOM-COMM,استعارة كتاب من المكتبة العامة,اختيار كتاب واستعارته من المكتبة العامة وفق الإجراءات المتبعة,مكتبة عامة,شهريًا,الترفيه، التنقل,10,معتمد مبدئيًا,community_events_assistant_1
COMM-011,DOM-COMM,إعادة كتاب مستعار إلى المكتبة,تسليم الكتاب المستعار قبل أو في موعد استحقاقه,مكتبة عامة,شهريًا,الترفيه، التنقل,11,معتمد مبدئيًا,community_events_assistant_1
COMM-012,DOM-COMM,حضور فعالية ثقافية,حضور محاضرة أو حفل موسيقي أو نشاط ثقافي في مكان عام,مركز ثقافي / مسرح,موسميًا,الترفيه، العلاقات الاجتماعية، التنقل,12,معتمد مبدئيًا,community_events_assistant_1
COMM-013,DOM-COMM,حضور معرض أو مهرجان,زيارة معرض فني أو تجاري أو مهرجان محلي أو دولي,مركز معارض / ساحة عامة,موسميًا,الترفيه، إدارة المال، التنقل,13,معتمد مبدئيًا,community_events_assistant_1
COMM-014,DOM-COMM,الذهاب إلى السينما أو المسرح,مشاهدة فيلم أو مسرحية في قاعة عرض عامة,سينما / مسرح,شهريًا,الترفيه، العلاقات الاجتماعية، التنقل,14,معتمد مبدئيًا,community_events_assistant_1
COMM-015,DOM-COMM,زيارة متحف أو مركز تراثي,التجول في متحف أو مركز تراثي للاطلاع على المقتنيات والتاريخ,متحف / مركز تراثي,موسميًا,الترفيه، التنقل,15,معتمد مبدئيًا,community_events_assistant_1
COMM-016,DOM-COMM,الاشتراك في نادٍ رياضي أو صحي,زيارة النادي وتسجيل الاشتراك أو تجديد العضوية,نادي رياضي,شهريًا/سنويًا,الصحة، إدارة المال، التنقل,16,معتمد مبدئيًا,community_events_assistant_1
COMM-017,DOM-COMM,حضور تمرين رياضي منظم,المشاركة في حصة تمرين أو نشاط رياضي داخل نادٍ أو مركز,نادي رياضي / مركز,أسبوعيًا,الصحة، التنقل,17,معتمد مبدئيًا,community_events_assistant_1
COMM-018,DOM-COMM,استخدام مرافق رياضية عامة,ممارسة رياضة في ملعب أو مضمار أو مرافق رياضية بلدية,ملعب عام / مضمار,أسبوعيًا,الصحة، التنقل,18,معتمد مبدئيًا,community_events_assistant_1
COMM-019,DOM-COMM,الذهاب إلى الشاطئ العام,زيارة شاطئ عام للاستجمام أو السباحة أو المشي,شاطئ عام,موسميًا,الصحة، الترفيه، التنقل,19,معتمد مبدئيًا,community_events_assistant_1
COMM-020,DOM-COMM,زيارة سوق شعبي أو تقليدي,التجول في سوق شعبي لشراء منتجات محلية أو تقليدية,سوق شعبي,موسميًا,إدارة المال، التنقل، الترفيه,20,معتمد مبدئيًا,community_events_assistant_1
COMM-021,DOM-COMM,زيارة مركز تجاري كبير,التجول في المركز التجاري للتسوق أو الترفيه أو تناول الطعام,مركز تجاري,شهريًا,إدارة المال، التنقل، الترفيه,21,معتمد مبدئيًا,community_events_assistant_1
COMM-022,DOM-COMM,زيارة صالون حلاقة أو تجميل,قص الشعر أو العناية بالمظهر الشخصي في صالون خارجي,صالون حلاقة,شهريًا,الصحة، التنقل,22,معتمد مبدئيًا,community_events_assistant_1
COMM-023,DOM-COMM,زيارة مغسلة ملابس أو خياط,تسليم أو استلام ملابس من مغسلة أو خياط خارجي,مغسلة / محل خياط,شهريًا,إدارة المال، التنقل,23,معتمد مبدئيًا,community_events_assistant_1
COMM-024,DOM-COMM,زيارة مكتب بريد أو شركة شحن,الذهاب لمكتب بريد أو شركة شحن لإرسال أو استلام بريد,مكتب بريد / شركة شحن,شهريًا,الخدمات، التنقل,24,معتمد مبدئيًا,community_events_assistant_1
COMM-025,DOM-COMM,إرسال طرد أو بريد من مكتب بريد,تسليم طرد أو ظرف لموظف البريد لإرساله إلى عنوان آخر,مكتب بريد,عند الحاجة,الخدمات، إدارة المال، التنقل,25,معتمد مبدئيًا,community_events_assistant_1
COMM-026,DOM-COMM,استلام طرد أو بريد من مكتب بريد,استلام شحنة أو طرد من مكتب البريد أو شركة الشحن,مكتب بريد / شركة شحن,عند الحاجة,الخدمات، التنقل,26,معتمد مبدئيًا,community_events_assistant_1
COMM-027,DOM-COMM,زيارة بنك أو جهاز صراف آلي,الذهاب لفرع بنك أو استخدام صراف لإجراء عملية مالية,بنك / صراف آلي,شهريًا,إدارة المال، الخدمات، التنقل,27,معتمد مبدئيًا,community_events_assistant_1
COMM-028,DOM-COMM,زيارة مركز خدمة حكومي,الذهاب لمركز حكومي لإنجاز معاملة رسمية أو استخراج وثيقة,مركز خدمات حكومية,عند الحاجة,الخدمات، التنقل,28,معتمد مبدئيًا,community_events_assistant_1
COMM-029,DOM-COMM,مراجعة جهة خدمية لاستكمال معاملة,زيارة جهة خدمية لتحديث بيانات أو استكمال أوراق مطلوبة,جهة خدمية,عند الحاجة,الخدمات، التنقل,29,معتمد مبدئيًا,community_events_assistant_1
COMM-030,DOM-COMM,حضور موعد مجتمعي أو لقاء رسمي,الذهاب لموعد رسمي في جهة مجتمعية أو حكومية أو نقابية,جهة رسمية / مجتمعية,عند الحاجة,العلاقات الاجتماعية، الخدمات، التنقل,30,معتمد مبدئيًا,community_events_assistant_1
COMM-031,DOM-COMM,المشاركة في مناسبة عائلية خارجية,حضور غداء أو عشاء عائلي في منزل قريب أو قاعة خارجية,منزل قريب / قاعة,عند المناسبات,العلاقات الاجتماعية، التنقل,31,معتمد مبدئيًا,community_events_assistant_1
COMM-032,DOM-COMM,حضور حفل زفاف,الذهاب لحضور حفل زفاف في قاعة أو منزل,قاعة أفراح / منزل,عند المناسبات,العلاقات الاجتماعية، التنقل,32,معتمد مبدئيًا,community_events_assistant_1
COMM-033,DOM-COMM,حضور مجلس عزاء,زيارة مجلس عزاء لتقديم واجب العزاء والمواساة,مجلس عزاء / مسجد,عند المناسبات,العلاقات الاجتماعية، التنقل,33,معتمد مبدئيًا,community_events_assistant_1
COMM-034,DOM-COMM,المشاركة في مناسبة دينية أو وطنية,حضور احتفال أو فعالية دينية أو وطنية في مكان عام,مسجد / ساحة عامة,موسميًا,العلاقات الاجتماعية، التنقل,34,معتمد مبدئيًا,community_events_assistant_1
COMM-035,DOM-COMM,المشاركة في عمل تطوعي مجتمعي,المساعدة في نشاط تطوعي في جمعية أو مؤسسة خيرية,مقر الجمعية / مكان النشاط,شهريًا,العلاقات الاجتماعية، الخدمات، التنقل,35,معتمد مبدئيًا,community_events_assistant_1
COMM-036,DOM-COMM,زيارة جمعية خيرية أو مؤسسة مجتمعية,الذهاب لجمعية لمعرفة خدماتها أو التبرع أو الاستفادة من برامجها,مقر الجمعية,عند الحاجة,الخدمات، العلاقات الاجتماعية، التنقل,36,معتمد مبدئيًا,community_events_assistant_1
COMM-037,DOM-COMM,حضور ورشة أو لقاء عام,المشاركة في ورشة عمل أو لقاء منظم في مركز مجتمعي,مركز مجتمعي,موسميًا,التواصل، التنقل,37,معتمد مبدئيًا,community_events_assistant_1
COMM-038,DOM-COMM,استخدام مركز خدمة أصحاب الهمم,زيارة مركز متخصص لاستخدام خدماته أو أنشطته أو استشارته,مركز أصحاب الهمم,شهريًا,الخدمات، التنقل,38,معتمد مبدئيًا,community_events_assistant_1
COMM-039,DOM-COMM,زيارة صديق في منزله أو مكان لقاء,الذهاب لزيارة صديق في منزله أو مكان اللقاء المتفق عليه,منزل صديق / مكان عام,شهريًا,العلاقات الاجتماعية، التنقل,39,معتمد مبدئيًا,community_events_assistant_1
COMM-040,DOM-COMM,دعوة صديق للقاء في مكان عام,الاجتماع بصديق في مكان متفق عليه خارج المنزل لمناقشة أو ترفيه,مقهى / حديقة / مطعم,شهريًا,العلاقات الاجتماعية، التنقل,40,معتمد مبدئيًا,community_events_assistant_1
COMM-041,DOM-COMM,شراء حاجة من متجر قريب في الحي,الذهاب لبقالة أو متجر حي لشراء احتياجات سريعة,متجر حي / بقالة,أسبوعيًا,إدارة المال، التنقل,41,معتمد مبدئيًا,community_events_assistant_1
COMM-042,DOM-COMM,زيارة صيدلية خارجية,الذهاب لصيدلية لشراء دواء أو استشارة صيدلي,صيدلية,عند الحاجة,الصحة، إدارة المال، التنقل,42,معتمد مبدئيًا,community_events_assistant_1
COMM-043,DOM-COMM,استخدام دورة مياه عامة,استخدام المرافق الصحية في مكان عام أو مركز تجاري أو مسجد,دورة مياه عامة,عند الحاجة,الصحة، التنقل,43,معتمد مبدئيًا,community_events_assistant_1
COMM-044,DOM-COMM,الانتظار في طابور خدمة عامة,الوقوف في صف انتظار لدى جهة خدمية أو مطعم أو مركز تجاري,مكان خدمة عام,عند الحاجة,الخدمات، التنقل,44,معتمد مبدئيًا,community_events_assistant_1
COMM-045,DOM-COMM,طلب المساعدة من موظف في مكان عام,التوجه لموظف في مكان عام لطلب معلومة أو مساعدة أو توجيه,مكان عام / مركز خدمة,عند الحاجة,التواصل، الخدمات,45,معتمد مبدئيًا,community_events_assistant_1
COMM-046,DOM-COMM,السؤال عن اتجاه أو موقع من شخص في الشارع,استفسار المارة عن عنوان أو طريق أو مكان غير معروف,شارع / مكان عام,عند الحاجة,التواصل، التنقل,46,معتمد مبدئيًا,community_events_assistant_1
COMM-047,DOM-COMM,استخدام مصعد أو سلالم متحركة في مكان عام,ركوب المصعد أو السلالم المتحركة في مركز تجاري أو مبنى عام,مبنى عام / مركز تجاري,عند الحاجة,التنقل,47,معتمد مبدئيًا,community_events_assistant_1
COMM-048,DOM-COMM,عبور مدخل أمني أو بوابة تفتيش في مكان عام,المرور من بوابة دخول أو تفتيش أمني في مؤسسة أو مركز أو محطة,مدخل مبنى عام,عند الحاجة,الخدمات، التنقل,48,معتمد مبدئيًا,community_events_assistant_1
COMM-049,DOM-COMM,استخدام موقف عام للسيارة,ركن السيارة في موقف عام مدفوع أو مجاني في مركز أو شارع,موقف عام,عند الحاجة,التنقل، إدارة المال,49,معتمد مبدئيًا,community_events_assistant_1
COMM-050,DOM-COMM,الجلوس في مساحة انتظار عامة,الانتظار في صالة أو مقاعد عامة في مستشفى أو مركز أو محطة,صالة انتظار عامة,عند الحاجة,الخدمات، الصحة,50,معتمد مبدئيًا,community_events_assistant_1
COMM-051,DOM-COMM,التخلص من النفايات في سلة عامة,رمي المخلفات في الحاوية المخصصة في مكان عام أو حديقة أو شاطئ,مكان عام,عند الحاجة,الخدمات,51,معتمد مبدئيًا,community_events_assistant_1
COMM-052,DOM-COMM,إعادة مقعد أو طاولة إلى مكانها بعد الاستخدام,ترتيب المكان بعد الانتهاء في مكتبة أو مركز أو حديقة عامة,مكان عام,عند الحاجة,الخدمات,52,معتمد مبدئيًا,community_events_assistant_1
COMM-053,DOM-COMM,حضور نشاط ترفيهي جماعي,المشاركة في نشاط ترفيهي منظم مع مجموعة كالرحلات أو الألعاب,مركز ترفيه / حديقة,شهريًا,الترفيه، العلاقات الاجتماعية، التنقل,53,معتمد مبدئيًا,community_events_assistant_1
COMM-054,DOM-COMM,المشاركة في نزهة أسرية خارجية,الذهاب في نزهة مع العائلة لحديقة أو شاطئ أو مكان طبيعي,حديقة / شاطئ / مخيم,موسميًا,العلاقات الاجتماعية، الترفيه، التنقل,54,معتمد مبدئيًا,community_events_assistant_1
COMM-055,DOM-COMM,المشاركة في رحلة يوم واحد,السفر في رحلة قصيرة لمدة يوم واحد لمدينة أو مكان مجاور,مكان الرحلة,موسميًا,التنقل، الترفيه، العلاقات الاجتماعية,55,معتمد مبدئيًا,community_events_assistant_1
COMM-056,DOM-COMM,زيارة معرض توظيف أو تدريب,الذهاب لمعرض توظيف أو مهني للاطلاع على الفرص المتاحة,مركز معارض,موسميًا,الخدمات، التنقل,56,معتمد مبدئيًا,community_events_assistant_1
COMM-057,DOM-COMM,زيارة مكان عمل أحد أفراد الأسرة,الذهاب لمكان عمل الزوج أو الأبناء للزيارة أو الانتظار أو تسليم شيء,مكان العمل,عند الحاجة,العلاقات الاجتماعية، التنقل,57,معتمد مبدئيًا,community_events_assistant_1
COMM-058,DOM-COMM,حضور لقاء تعريفي في جهة مجتمعية,حضور جلسة تعريفية بخدمات أو برامج جهة مجتمعية أو حكومية,مقر الجهة,موسميًا,التواصل، الخدمات، التنقل,58,معتمد مبدئيًا,community_events_assistant_1
COMM-059,DOM-COMM,المشاركة في شراء هدية من متجر خارجي,الذهاب لمتجر لاختيار وشراء هدية لشخص في مناسبة معينة,متجر هدايا / مركز تجاري,عند المناسبات,إدارة المال، العلاقات الاجتماعية، التنقل,59,معتمد مبدئيًا,community_events_assistant_1
COMM-060,DOM-COMM,تقديم هدية أو تهنئة في مناسبة خارجية,تسليم هدية أو تهنئة شخصية في مناسبة تقام خارج المنزل,مكان المناسبة,عند المناسبات,العلاقات الاجتماعية، التنقل,60,معتمد مبدئيًا,community_events_assistant_1
COMM-061,DOM-COMM,زيارة مريض في المستشفى أو منزله,الذهاب لزيارة شخص مريض للاطمئنان عليه والمواساة,مستشفى / منزل المريض,عند الحاجة,العلاقات الاجتماعية، الصحة، التنقل,61,معتمد مبدئيًا,community_events_assistant_1
COMM-062,DOM-COMM,المشاركة في مساعدة جار أو قريب خارجيًا,مساعدة جار في مهمة خارج المنزل كحمل مشتريات أو مرافقة,حي / مكان الجار,عند الحاجة,العلاقات الاجتماعية، الخدمات، التنقل,62,معتمد مبدئيًا,community_events_assistant_1
COMM-063,DOM-COMM,حضور اجتماع أسري أو مجتمعي في مكان عام,حضور جلسة نقاش أو اجتماع عائري أو مجتمعي في مكان خارجي,قاعة / منزل قريب,شهريًا,العلاقات الاجتماعية، التنقل,63,معتمد مبدئيًا,community_events_assistant_1
COMM-064,DOM-COMM,استخدام خدمة رقمية في مكان عام,استخدام تطبيق أو كشك أو خدمة رقمية في مكان عام أو مركز,مكان عام / مركز,عند الحاجة,التواصل، الخدمات,64,معتمد مبدئيًا,community_events_assistant_1
COMM-065,DOM-COMM,استلام رقم انتظار أو تذكرة دخول من جهاز,سحب رقم انتظار أو تذكرة دخول من آلة في مكان خدمي,مركز خدمة,عند الحاجة,الخدمات، التنقل,65,معتمد مبدئيًا,community_events_assistant_1
COMM-066,DOM-COMM,استخدام كشك خدمة ذاتي في مكان عام,استخدام كشك طلبات أو معلومات أو حجز ذاتي الخدمة,مركز خدمة / مطعم,عند الحاجة,التواصل، الخدمات,66,معتمد مبدئيًا,community_events_assistant_1
COMM-067,DOM-COMM,حجز نشاط أو فعالية في مركز مجتمعي,التسجيل لنشاط في مركز ثقافي أو رياضي أو ترفيهي,مركز مجتمعي,موسميًا,الخدمات، الترفيه، التنقل,67,معتمد مبدئيًا,community_events_assistant_1
COMM-068,DOM-COMM,التبرع بمبالغ أو مواد في نقطة تبرع عامة,وضع تبرع في صندوق أو نقطة تبرع في مسجد أو مركز أو حملة,مكان التبرع,موسميًا,العلاقات الاجتماعية، الخدمات,68,معتمد مبدئيًا,community_events_assistant_1
COMM-069,DOM-COMM,حضور صلاة جماعة في مسجد,المشاركة في صلاة الجماعة أو الجمعة في مسجد جماعي,مسجد,أسبوعيًا,العلاقات الاجتماعية، التنقل,69,معتمد مبدئيًا,community_events_assistant_1
COMM-070,DOM-COMM,زيارة مقبرة أو حضور دفن,الذهاب لمقبرة لزيارة قبر أو حضور مراسم الدفن,مقبرة,عند المناسبات,العلاقات الاجتماعية، التنقل,70,معتمد مبدئيًا,community_events_assistant_1
COMM-071,DOM-COMM,حضور درس ديني أو محاضرة في مسجد,الذهاب لمسجد أو مركز لحضور درس أو محاضرة دينية أو تثقيفية,مسجد / مركز,أسبوعيًا,العلاقات الاجتماعية، التنقل,71,معتمد مبدئيًا,community_events_assistant_1
COMM-072,DOM-COMM,زيارة دار مسنين أو مركز رعاية اجتماعية,الذهاب لزيارة مسنين أو مركز رعاية اجتماعية للاطمئنان أو التطوع,دار مسنين,شهريًا,العلاقات الاجتماعية، الخدمات، التنقل,72,معتمد مبدئيًا,community_events_assistant_1
COMM-073,DOM-COMM,المشاركة في حملة توعية مجتمعية,الذهاب لمكان حملة توعية صحية أو أمنية أو مجتمعية والمشاركة فيها,مكان الحملة,موسميًا,الخدمات، العلاقات الاجتماعية، التنقل,73,معتمد مبدئيًا,community_events_assistant_1
COMM-074,DOM-COMM,استخدام حديقة ألعاب عامة,الجلوس أو المشي أو المشاركة في النشاطات في حديقة ألعاب عامة,حديقة عامة,أسبوعيًا,الصحة، الترفيه، التنقل,74,معتمد مبدئيًا,community_events_assistant_1
COMM-075,DOM-COMM,زيارة مركز شباب أو نادي اجتماعي,الذهاب لمركز شباب أو نادي للمشاركة في أنشطته أو لقاءاته,مركز شباب,شهريًا,الترفيه، العلاقات الاجتماعية، التنقل,75,معتمد مبدئيًا,community_events_assistant_1
COMM-076,DOM-COMM,حضور ندوة أو محاضرة عامة,الذهاب لقاعة أو مركز لحضور ندوة تثقيفية أو محاضرة علمية,قاعة محاضرات,موسميًا,التواصل، الترفيه، التنقل,76,معتمد مبدئيًا,community_events_assistant_1
COMM-077,DOM-COMM,زيارة مركز صحي أو عيادة خارجية,الذهاب لمركز صحي أو عيادة خارجية لعلاج أو فحص أو استشارة,مركز صحي,عند الحاجة,الصحة، الخدمات، التنقل,77,معتمد مبدئيًا,community_events_assistant_1
COMM-078,DOM-COMM,استخدام خدمة نقل عام,ركوب حافلة أو مترو أو مركبة نقل عام للتنقل في المدينة,محطة نقل / موقف,أسبوعيًا,التنقل، الخدمات,78,معتمد مبدئيًا,community_events_assistant_1
COMM-079,DOM-COMM,شراء تذكرة دخول لموقع ترفيهي,شراء تذكرة دخول لحديقة أو متحف أو مركز ترفيه من شباك التذاكر,شباك التذاكر,موسميًا,إدارة المال، الترفيه، التنقل,79,معتمد مبدئيًا,community_events_assistant_1
COMM-080,DOM-COMM,استخدام خدمة إنترنت عامة أو مقهى إنترنت,استخدام الإنترنت في مقهى أو مكتبة أو مكان عام للتواصل أو العمل,مقهى إنترنت / مكتبة,عند الحاجة,التواصل، الخدمات,80,معتمد مبدئيًا,community_events_assistant_1
FOOD-001,DOM-FOOD,إعداد الإفطار,طهي الوجبة الصباحية للعائلة,المطبخ,يوميًا,النظافة الشخصية، الصحة,1,معتمد مبدئيًا,Pasted text(48).txt
FOOD-002,DOM-FOOD,إعداد الغداء,طهي الوجبة الرئيسية في منتصف النهار,المطبخ,يوميًا,الصحة، العمل,2,معتمد مبدئيًا,Pasted text(48).txt
FOOD-003,DOM-FOOD,إعداد العشاء,طهي الوجبة المسائية للعائلة,المطبخ,يوميًا,الصحة، العلاقات الأسرية,3,معتمد مبدئيًا,Pasted text(48).txt
FOOD-004,DOM-FOOD,تجهيز المشروبات الساخنة,تحضير القهوة أو الشاي أو المشروبات الساخنة,المطبخ,يوميًا,الضيافة، الصحة,4,معتمد مبدئيًا,Pasted text(48).txt
FOOD-005,DOM-FOOD,تجهيز المشروبات الباردة,تحضير العصائر أو الماء البارد أو المشروبات المثلجة,المطبخ,يوميًا,الصحة، المناخ,5,معتمد مبدئيًا,Pasted text(48).txt
FOOD-006,DOM-FOOD,استقبال ضيوف وتقديم الضيافة,تقديم الشاي والقهوة والمأكولات الخفيفة للزوار,غرفة الضيوف/المطبخ,عند الزيارات,العلاقات الاجتماعية، الضيافة,6,معتمد مبدئيًا,Pasted text(48).txt
FOOD-007,DOM-FOOD,تجهيز وجبة سفر,تحضير طعام في حافظة للنزهات أو الرحلات,المطبخ,عند السفر,السفر، الترفيه,7,معتمد مبدئيًا,Pasted text(48).txt
FOOD-008,DOM-FOOD,تجهيز وجبة للعمل أو المدرسة,تعبئة طعام في حافظة لأخذه خارج المنزل,المطبخ,أيام العمل/الدراسة,العمل، التعليم,8,معتمد مبدئيًا,Pasted text(48).txt
FOOD-009,DOM-FOOD,إعداد وجبة سريعة,تحضير ساندويتش أو وجبة خفيفة سريعة,المطبخ,عند الحاجة,إدارة الوقت,9,معتمد مبدئيًا,Pasted text(48).txt
FOOD-010,DOM-FOOD,استخدام بقايا الطعام,إعادة استخدام بقايا طعام لإعداد وجبة جديدة,المطبخ,عند الحاجة,الميزانية، البيئة,10,معتمد مبدئيًا,Pasted text(48).txt
FOOD-011,DOM-FOOD,حفظ بقايا الطعام,وضع بقايا الوجبة في علب وتخزينها في الثلاجة,المطبخ,بعد الوجبات,الصحة، إدارة المنزل,11,معتمد مبدئيًا,Pasted text(48).txt
FOOD-012,DOM-FOOD,إخراج مكونات من الفريزر,إخراج اللحوم أو الخضار المجمدة لإذابة الثلج,المطبخ,قبل الطبخ,إدارة المنزل,12,معتمد مبدئيًا,Pasted text(48).txt
FOOD-013,DOM-FOOD,ترتيب الثلاجة قبل الطبخ,مراجعة محتويات الثلاجة وترتيبها لمعرفة المتاح,المطبخ,قبل الطبخ,إدارة المنزل,13,معتمد مبدئيًا,Pasted text(48).txt
FOOD-014,DOM-FOOD,شراء مكونات ناقصة,الخروج لشراء مواد غذائية غير متوفرة للوجبة,السوق/المتجر,عند النقص,التسوق، الميزانية,14,معتمد مبدئيًا,Pasted text(48).txt
FOOD-015,DOM-FOOD,تجهيز المائدة,توزيع الأطباق والأكواب والأدوات على المائدة,غرفة الطعام,قبل كل وجبة,العلاقات الأسرية,15,معتمد مبدئيًا,Pasted text(48).txt
FOOD-016,DOM-FOOD,رفع المائدة,جمع الأطباق والبقايا من على المائدة بعد الانتهاء,غرفة الطعام,بعد كل وجبة,النظافة المنزلية,16,معتمد مبدئيًا,Pasted text(48).txt
FOOD-017,DOM-FOOD,تنظيف منطقة إعداد الطعام,مسح أسطح المطبخ وإزالة البقع والبقايا,المطبخ,بعد الطبخ,النظافة المنزلية,17,معتمد مبدئيًا,Pasted text(48).txt
FOOD-018,DOM-FOOD,غسل أدوات الطبخ,غسل القدور والمقالي والأدوات المستخدمة في الطبخ,المطبخ,بعد الطبخ,النظافة المنزلية,18,معتمد مبدئيًا,Pasted text(48).txt
FOOD-019,DOM-FOOD,ترتيب أدوات المطبخ,إعادة الأدوات والأواني إلى أماكن تخزينها,المطبخ,بعد الطبخ,إدارة المنزل، التنظيم,19,معتمد مبدئيًا,Pasted text(48).txt
FOOD-020,DOM-FOOD,التخلص من بقايا الطعام غير الصالحة,رمي بقايا الطعام الفاسدة في سلة المهملات,المطبخ,عند الحاجة,الصحة، البيئة,20,معتمد مبدئيًا,Pasted text(48).txt
FOOD-021,DOM-FOOD,الاستعداد لشهر رمضان,شراء وتخزين المواد الغذائية الأساسية قبل رمضان,المطبخ/المخزن,سنويًا,الدين، الميزانية,21,معتمد مبدئيًا,Pasted text(48).txt
FOOD-022,DOM-FOOD,تجهيز إفطار رمضاني,إعداد أطباق خاصة كالتمور والشوربة والعصائر,المطبخ,يوميًا في رمضان,الدين، العلاقات الأسرية,22,معتمد مبدئيًا,Pasted text(48).txt
FOOD-023,DOM-FOOD,تجهيز طعام للمناسبة الاجتماعية,إعداد طبق كبير للعزومات أو الزيارات العائلية,المطبخ,عند المناسبات,العلاقات الاجتماعية,23,معتمد مبدئيًا,Pasted text(48).txt
FOOD-024,DOM-FOOD,تفقد تاريخ الصلاحية,التحقق من تواريخ انتهاء صلاحية الأطعمة المخزنة,المطبخ/الثلاجة,أسبوعيًا,الصحة، إدارة المنزل,24,معتمد مبدئيًا,Pasted text(48).txt
FOOD-025,DOM-FOOD,إعادة تسخين وجبة,تسخين طعام مطبوخ مسبقًا للأكل,المطبخ,عند الحاجة,إدارة المنزل,25,معتمد مبدئيًا,Pasted text(48).txt
FOOD-026,DOM-FOOD,تجهيز طعام للرضيع,تحضير حليب الرضاعة أو هرس الطعام للطفل,المطبخ,يوميًا,رعاية الطفل، الصحة,26,معتمد مبدئيًا,Pasted text(48).txt
FOOD-027,DOM-FOOD,غسل الخضار والفواكه,غسل الفواكه والخضار تحت الماء قبل الاستخدام,المطبخ,قبل الطبخ,الصحة,27,معتمد مبدئيًا,Pasted text(48).txt
FOOD-028,DOM-FOOD,تقطيع وتجهيز المكونات,تقطيع الخضار واللحوم وتجهيزها قبل الطهي,المطبخ,قبل الطبخ,إدارة المنزل,28,معتمد مبدئيًا,Pasted text(48).txt
FOOD-029,DOM-FOOD,إعداد مخبوزات منزلية,تحضير كعك أو حلويات أو خبز في المطبخ,المطبخ,أسبوعيًا,المهارات المنزلية,29,معتمد مبدئيًا,Pasted text(48).txt
FOOD-030,DOM-FOOD,شوي الطعام في الفرن أو الشواية,استخدام الفرن أو الشواية لشوي اللحوم أو الخضار,المطبخ/الحديقة,عند الحاجة,العلاقات الاجتماعية,30,معتمد مبدئيًا,Pasted text(48).txt
FOOD-031,DOM-FOOD,الطهي على الموقد,طهي الطعام باستخدام القدور والمقالي على النار,المطبخ,يوميًا,إدارة المنزل,31,معتمد مبدئيًا,Pasted text(48).txt
FOOD-032,DOM-FOOD,إعداد مقبلات أو سلطة,تحضير طبق جانبي من الخضار المقطعة أو المقبلات,المطبخ,يوميًا,الصحة,32,معتمد مبدئيًا,Pasted text(48).txt
FOOD-033,DOM-FOOD,تجهيز سفرة برية,تحضير سلة طعام للتناول في الهواء الطلق أو الحدائق,المطبخ,عند التخطيط,السفر، الترفيه,33,معتمد مبدئيًا,Pasted text(48).txt
FOOD-034,DOM-FOOD,تجميد الطعام,حفظ كميات من الطعام في الفريزر للاستخدام المستقبلي,المطبخ,شهريًا,إدارة المنزل، الميزانية,34,معتمد مبدئيًا,Pasted text(48).txt
FOOD-035,DOM-FOOD,إذابة الطعام المجمد,نقل الطعام من الفريزر إلى الثلاجة أو الخارج لإذابته,المطبخ,قبل الطبخ,إدارة المنزل,35,معتمد مبدئيًا,Pasted text(48).txt
FOOD-036,DOM-FOOD,تنظيف الفرن أو الميكروويف,تنظيف بقايا الطعام والدهون من الفرن أو الميكروويف,المطبخ,أسبوعيًا,النظافة المنزلية,36,معتمد مبدئيًا,Pasted text(48).txt
FOOD-037,DOM-FOOD,تنظيف الشواية,إزالة بقايا الفحم والدهون من الشواية بعد الاستخدام,الحديقة/المطبخ,بعد الاستخدام,النظافة المنزلية,37,معتمد مبدئيًا,Pasted text(48).txt
FOOD-038,DOM-FOOD,ترتيب خزانة المؤن والبهارات,ترتيب البهارات والمؤن في الخزانة وإزالة الفارغ,المطبخ,شهريًا,إدارة المنزل، التنظيم,38,معتمد مبدئيًا,Pasted text(48).txt
FOOD-039,DOM-FOOD,كتابة قائمة طعام,تحديد الوجبات المزمع إعدادها خلال فترة قادمة,المطبخ,أسبوعيًا,التخطيط، الميزانية,39,معتمد مبدئيًا,Pasted text(48).txt
FOOD-040,DOM-FOOD,تجهيز وجبة طبية خاصة,إعداد طعام خفيف أو مخصص لحالة مرضية أو حمية,المطبخ,عند الحاجة,الصحة، رعاية الأسرة,40,معتمد مبدئيًا,Pasted text(48).txt
FOOD-041,DOM-FOOD,تجهيز وجبة للرياضيين,إعداد طعام غني بالبروتين أو الكربوهيدرات للتغذية الرياضية,المطبخ,حسب النشاط,الرياضة، الصحة,41,معتمد مبدئيًا,Pasted text(48).txt
FOOD-042,DOM-FOOD,إعداد طعام الحيوانات الأليفة,تحضير وجبة الحيوانات الأليفة في المنزل,المطبخ,يوميًا,رعاية الحيوانات,42,معتمد مبدئيًا,Pasted text(48).txt
FOOD-043,DOM-FOOD,استلام طلب طعام خارجي,استلام وجبة تم طلبها عبر التطبيقات أو الهاتف,باب المنزل,عند الحاجة,التواصل الرقمي,43,معتمد مبدئيًا,Pasted text(48).txt
FOOD-044,DOM-FOOD,تفقد نضج الفواكه والخضار,فحص نضج الفاكهة والخضار المخزنة للتأكد من صلاحيتها,المطبخ,يوميًا,الصحة، إدارة المنزل,44,معتمد مبدئيًا,Pasted text(48).txt
FOOD-045,DOM-FOOD,تجفيف الأعشاب الموسمية,تجفيف الأعشاب أو الخضار الموسمية للتخزين,المطبخ/الشرفة,موسميًا,البيئة، الميزانية,45,معتمد مبدئيًا,Pasted text(48).txt
FOOD-046,DOM-FOOD,تعبئة الماء في الثلاجة,ملء زجاجات الماء أو وضعها في الثلاجة للتبريد,المطبخ,يوميًا,الصحة,46,معتمد مبدئيًا,Pasted text(48).txt
FOOD-047,DOM-FOOD,تجهيز شاي الضيافة,إعداد شاي العصر أو الضيافة للعائلة أو الزوار,المطبخ,يوميًا,الضيافة، العلاقات الاجتماعية,47,معتمد مبدئيًا,Pasted text(48).txt
FOOD-048,DOM-FOOD,تغيير فلتر الماء أو تنظيف الغلاية,صيانة فلتر الماء أو تنظيف غلاية المياه من التكلس,المطبخ,شهريًا,الصيانة، الصحة,48,معتمد مبدئيًا,Pasted text(48).txt
FOOD-049,DOM-FOOD,ترتيب سلة الخبز,ترتيب الخبز في سلة التخزين وإزالة القطع الجافة,المطبخ,يوميًا,إدارة المنزل,49,معتمد مبدئيًا,Pasted text(48).txt
FOOD-050,DOM-FOOD,تنظيف حوض المطبخ,تنظيف حوض الغسيل وإزالة الدهون المتراكمة,المطبخ,يوميًا,النظافة المنزلية,50,معتمد مبدئيًا,Pasted text(48).txt
FOOD-051,DOM-FOOD,تفريغ سلة مهملات المطبخ,إخراج القمامة المطبخية ووضع كيس جديد,المطبخ,يوميًا,النظافة المنزلية، البيئة,51,معتمد مبدئيًا,Pasted text(48).txt
FOOD-052,DOM-FOOD,تنظيف أرضية المطبخ,مسح وتنظيف أرضية المطبخ من البقع والبقايا,المطبخ,يوميًا,النظافة المنزلية,52,معتمد مبدئيًا,Pasted text(48).txt
FOOD-053,DOM-FOOD,تنظيف وتعقيم لوح التقطيع,غسل وتعقيم لوح تقطيع الطعام بعد الاستخدام,المطبخ,بعد الاستخدام,الصحة,53,معتمد مبدئيًا,Pasted text(48).txt
FOOD-054,DOM-FOOD,شحذ السكاكين أو صيانة أدوات الطبخ,شحذ السكاكين أو تصليح أدوات الطبخ التالفة,المطبخ,شهريًا,الصيانة,54,معتمد مبدئيًا,Pasted text(48).txt
FOOD-055,DOM-FOOD,تعبئة المؤن في برطمانات,نقل الحبوب والمؤن إلى علب محكمة الإغلاق,المطبخ,شهريًا,إدارة المنزل، التنظيم,55,معتمد مبدئيًا,Pasted text(48).txt
FOOD-056,DOM-FOOD,تنظيف الثلاجة من الداخل,إزالة البقع والروائح من داخل الثلاجة,المطبخ,شهريًا,النظافة المنزلية,56,معتمد مبدئيًا,Pasted text(48).txt
FOOD-057,DOM-FOOD,تجهيز وجبة خاصة للامتحانات,إعداد طعام مفيد للتركيز أثناء فترات الدراسة,المطبخ,موسميًا,التعليم، الصحة,57,معتمد مبدئيًا,Pasted text(48).txt
FOOD-058,DOM-FOOD,تسخين الحليب أو تحضير مشروب النوم,تسخين الحليب أو تحضير مشروب مريح قبل النوم,المطبخ,يوميًا,النوم، الصحة,58,معتمد مبدئيًا,Pasted text(48).txt
FOOD-059,DOM-FOOD,تقطيع الفاكهة للتقديم,تقطيع وتجهيز الفاكهة في طبق للتقديم,المطبخ,يوميًا,الصحة، الضيافة,59,معتمد مبدئيًا,Pasted text(48).txt
FOOD-060,DOM-FOOD,تجهيز فطور تقليدي خاص,إعداد أطباق فطور تقليدية مثل الفول أو المطبق,المطبخ,أسبوعيًا,الثقافة، العلاقات الأسرية,60,معتمد مبدئيًا,Pasted text(48).txt
FOOD-061,DOM-FOOD,تغطية الطعام على المائدة,تغطية الأطباق المتبقية على المائدة للحفاظ عليها,غرفة الطعام,بعد الوجبات,الصحة، إدارة المنزل,61,معتمد مبدئيًا,Pasted text(48).txt
FOOD-062,DOM-FOOD,تفقد إغلاق الغاز أو الكهرباء,التحقق من إغلاق مصادر الطاقة بعد الانتهاء من الطبخ,المطبخ,بعد الطبخ,السلامة المنزلية,62,معتمد مبدئيًا,Pasted text(48).txt
FOOD-063,DOM-FOOD,تنظيف بقايا الطعام من الموقد,إزالة البقع والبقايا من سطح الموقد بعد الطهي,المطبخ,بعد الطبخ,النظافة المنزلية,63,معتمد مبدئيًا,Pasted text(48).txt
FOOD-064,DOM-FOOD,تجفيف الأطباق وإعادتها للرفوف,تجفيف الأطباق المغسولة وترتيبها في الخزائن,المطبخ,بعد الغسيل,إدارة المنزل، التنظيم,64,معتمد مبدئيًا,Pasted text(48).txt
FOOD-065,DOM-FOOD,تغيير مناشف المطبخ المتسخة,استبدال مناشف المطبخ بأخرى نظيفة,المطبخ,أسبوعيًا,النظافة المنزلية,65,معتمد مبدئيًا,Pasted text(48).txt
FOOD-066,DOM-FOOD,تنظيف وتعقيم زجاجات الرضاعة,غسل وتعقيم زجاجات أطفال الرضع,المطبخ,يوميًا,رعاية الطفل، الصحة,66,معتمد مبدئيًا,Pasted text(48).txt
FOOD-067,DOM-FOOD,تنظيف كرسي طعام الطفل,غسل كرسي الطعام الخاص بالطفل من البقايا,غرفة الطعام,بعد الوجبات,رعاية الطفل,67,معتمد مبدئيًا,Pasted text(48).txt
FOOD-068,DOM-FOOD,تنظيف البالوعة المطبخية,تنظيف مصرف المطبخ من الدهون والبقايا,المطبخ,شهريًا,الصيانة، النظافة,68,معتمد مبدئيًا,Pasted text(48).txt
FOOD-069,DOM-FOOD,تنظيف جوانب الموقد والشفاط,إزالة الدهون المتراكمة على جوانب الموقد,المطبخ,شهريًا,النظافة المنزلية,69,معتمد مبدئيًا,Pasted text(48).txt
FOOD-070,DOM-FOOD,تنظيف مقبض الثلاجة والأبواب,مسح مقابض الثلاجة والأبواب من البصمات والبقع,المطبخ,أسبوعيًا,النظافة المنزلية,70,معتمد مبدئيًا,Pasted text(48).txt
FOOD-071,DOM-FOOD,تنظيف الرخامة بعد تقطيع اللحوم,تعقيم وتنظيف سطح العمل بعد التعامل مع اللحوم النيئة,المطبخ,بعد الاستخدام,الصحة، السلامة,71,معتمد مبدئيًا,Pasted text(48).txt
FOOD-072,DOM-FOOD,غسل اليدين بعد التعامل مع مكونات نيئة,غسل اليدين جيدًا بعد لمس اللحوم أو البيض,المطبخ,بعد الاستخدام,النظافة الشخصية، الصحة,72,معتمد مبدئيًا,Pasted text(48).txt
FOOD-073,DOM-FOOD,تنظيف أدوات الطعام الخاصة بالطفل,غسل أطباق وملاعق الأطفال بشكل منفصل,المطبخ,بعد الوجبات,رعاية الطفل، الصحة,73,معتمد مبدئيًا,Pasted text(48).txt
FOOD-074,DOM-FOOD,تنظيف سلة الخضار من الأوراق الجافة,إزالة الأوراق التالفة من سلة الخضار والفواكه,المطبخ,أسبوعيًا,إدارة المنزل,74,معتمد مبدئيًا,Pasted text(48).txt
FOOD-075,DOM-FOOD,تنظيف خزانة البهارات من التسربات,مسح بقايا البهارات المتسربة في الخزانة,المطبخ,شهريًا,النظافة المنزلية,75,معتمد مبدئيًا,Pasted text(48).txt
FOOD-076,DOM-FOOD,تنظيف رفوف الثلاجة الداخلية,إخراج الرفوف وغسلها من البقع المتجمدة,المطبخ,موسميًا,النظافة المنزلية,76,معتمد مبدئيًا,Pasted text(48).txt
FOOD-077,DOM-FOOD,تنظيف الفريزر من الثلج المتراكم,إزالة طبقات الثلج الزائدة من الفريزر,المطبخ,موسميًا,الصيانة، إدارة المنزل,77,معتمد مبدئيًا,Pasted text(48).txt
FOOD-078,DOM-FOOD,تنظيف العجانة أو الخلاط الكهربائي,غسل أوعية الخلاط والمضرب بعد الاستخدام,المطبخ,بعد الاستخدام,النظافة المنزلية,78,معتمد مبدئيًا,Pasted text(48).txt
FOOD-079,DOM-FOOD,تنظيف صينية الفرن بعد الاستخدام,نقع وغسل صواني الخبز أو الشوي,المطبخ,بعد الاستخدام,النظافة المنزلية,79,معتمد مبدئيًا,Pasted text(48).txt
FOOD-080,DOM-FOOD,تنظيف أدوات الشوي,غسل سيخ الشوي والشبك من الدهون,الحديقة/المطبخ,بعد الاستخدام,النظافة المنزلية,80,معتمد مبدئيًا,Pasted text(48).txt
FOOD-081,DOM-FOOD,تنظيف حافظة الطعام بعد العودة,غسل حافظة الطعام التي أُخذت للعمل أو المدرسة,المطبخ,يوميًا,النظافة المنزلية,81,معتمد مبدئيًا,Pasted text(48).txt
FOOD-082,DOM-FOOD,تنظيف زجاجة الماء اليومية,غسل زجاجة الماء الشخصية وتجفيفها,المطبخ,يوميًا,النظافة الشخصية,82,معتمد مبدئيًا,Pasted text(48).txt
FOOD-083,DOM-FOOD,تنظيف ماكينة القهوة,إزالة البن المتبقي وتنظيف أجزاء الماكينة,المطبخ,أسبوعيًا,الصيانة,83,معتمد مبدئيًا,Pasted text(48).txt
FOOD-084,DOM-FOOD,تنظيف غلاية الماء من التكلس,إزالة الرواسب الكلسية من داخل الغلاية,المطبخ,شهريًا,الصيانة,84,معتمد مبدئيًا,Pasted text(48).txt
FOOD-085,DOM-FOOD,تنظيف وعاء الخلط والمضرب,غسل أوعية الخلط اليدوي أو الكهربائي,المطبخ,بعد الاستخدام,النظافة المنزلية,85,معتمد مبدئيًا,Pasted text(48).txt
FOOD-086,DOM-FOOD,تنظيف صينية الثلج,غسل صينية صنع الثلج من البقع,المطبخ,أسبوعيًا,النظافة المنزلية,86,معتمد مبدئيًا,Pasted text(48).txt
FOOD-087,DOM-FOOD,تبديل كيس قمامة المطبخ,استبدال الكيس الممتلئ بكيس نظيف,المطبخ,عند الامتلاء,النظافة المنزلية,87,معتمد مبدئيًا,Pasted text(48).txt
FOOD-088,DOM-FOOD,تنظيف إسفنجة غسل الأطباق,تعقيم أو استبدال إسفنجة المطبخ,المطبخ,أسبوعيًا,الصحة,88,معتمد مبدئيًا,Pasted text(48).txt
FOOD-089,DOM-FOOD,تنظيف مريول الطبخ,غسل المريول أو الملابس المتسخة بالطعام,المطبخ/الغسيل,عند الاتساخ,النظافة الشخصية,89,معتمد مبدئيًا,Pasted text(48).txt
FOOD-090,DOM-FOOD,تنظيف وتلميع حنفية المطبخ,مسح الحنفية من البقع المائية والصابون,المطبخ,أسبوعيًا,النظافة المنزلية,90,معتمد مبدئيًا,Pasted text(48).txt
HEALTH-001,DOM-HEALTH,حجز موعد طبي,الاتصال بالعيادة أو التطبيق لتحديد موعد زيارة طبية,المنزل/الهاتف,عند الحاجة,إدارة المنزل، التواصل الرقمي,1,معتمد مبدئيًا,Pasted text(52).txt
HEALTH-002,DOM-HEALTH,الاستعداد للموعد الطبي,تجهيز النفس والملابس والوقت للذهاب إلى الموعد المحدد,المنزل,قبل الموعد,إدارة المنزل,2,معتمد مبدئيًا,Pasted text(52).txt
HEALTH-003,DOM-HEALTH,تجهيز المستندات الطبية,جمع التقارير السابقة والأشعة والتحاليل لأخذها للطبيب,المنزل,قبل الموعد,إدارة المنزل,3,معتمد مبدئيًا,Pasted text(52).txt
HEALTH-004,DOM-HEALTH,تجهيز بطاقة الهوية أو التأمين,التأكد من توفر بطاقة الهوية وبطاقة التأمين الصحي,المنزل,قبل الموعد,إدارة المنزل، الإدارة المالية,4,معتمد مبدئيًا,Pasted text(52).txt
HEALTH-005,DOM-HEALTH,الذهاب إلى العيادة أو المستشفى,التنقل بالسيارة أو المواصلات إلى موقع الموعد الطبي,الطريق,عند الموعد,التنقل,5,معتمد مبدئيًا,Pasted text(52).txt
HEALTH-006,DOM-HEALTH,الانتظار في صالة العيادة,الجلوس في منطقة الانتظار حتى يتم استدعاء المريض,العيادة/المستشفى,عند كل زيارة,الصحة,6,معتمد مبدئيًا,Pasted text(52).txt
HEALTH-007,DOM-HEALTH,التسجيل في استقبال العيادة,تقديم البيانات الشخصية وتأكيد الموعد في مكتب الاستقبال,العيادة,عند كل زيارة,الصحة، التواصل,7,معتمد مبدئيًا,Pasted text(52).txt
HEALTH-008,DOM-HEALTH,مقابلة الطبيب,الدخول إلى عيادة الطبيب للفحص ومناقشة الأعراض والعلاج,العيادة,عند كل زيارة,الصحة,8,معتمد مبدئيًا,Pasted text(52).txt
HEALTH-009,DOM-HEALTH,استلام الوصفة الطبية,تسلم ورقة الوصفة من الطبيب بعد الفحص,العيادة,عند الحاجة,الصحة,9,معتمد مبدئيًا,Pasted text(52).txt
HEALTH-010,DOM-HEALTH,صرف الدواء من الصيدلية,شراء الأدوية المكتوبة في الوصفة من الصيدلية,الصيدلية,عند الحاجة,الصحة، الميزانية,10,معتمد مبدئيًا,Pasted text(52).txt
HEALTH-011,DOM-HEALTH,العودة إلى المنزل بعد الموعد,التنقل من العيادة أو الصيدلية إلى المنزل,الطريق,بعد كل زيارة,التنقل,11,معتمد مبدئيًا,Pasted text(52).txt
HEALTH-012,DOM-HEALTH,تنظيم الأدوية في المنزل,ترتيب الأدوية في صندوق أو خزانة مخصصة حسب الجرعات,المنزل,بعد الشراء,إدارة المنزل، الصحة,12,معتمد مبدئيًا,Pasted text(52).txt
HEALTH-013,DOM-HEALTH,تناول الدواء المقرر,أخذ الجرعة المحددة من الدواء في الوقت المحدد,المنزل,حسب الوصفة,الصحة,13,معتمد مبدئيًا,Pasted text(52).txt
HEALTH-014,DOM-HEALTH,متابعة مواعيد جرعات الدواء,التحقق من عدم تفويت أي جرعة وتسجيل المواعيد,المنزل,يوميًا,الصحة، إدارة المنزل,14,معتمد مبدئيًا,Pasted text(52).txt
HEALTH-015,DOM-HEALTH,قياس ضغط الدم,استخدام جهاز قياس الضغط للتحقق من مستواه,المنزل/العيادة,يوميًا/أسبوعيًا,الصحة,15,معتمد مبدئيًا,Pasted text(52).txt
HEALTH-016,DOM-HEALTH,قياس سكر الدم,استخدام جهاز السكر للتحقق من مستوى الجلوكوز في الدم,المنزل/العيادة,حسب الحالة,الصحة,16,معتمد مبدئيًا,Pasted text(52).txt
HEALTH-017,DOM-HEALTH,قياس الوزن,الوقوف على الميزان لمعرفة الوزن الحالي,المنزل/العيادة,أسبوعيًا/شهريًا,الصحة، النشاط البدني,17,معتمد مبدئيًا,Pasted text(52).txt
HEALTH-018,DOM-HEALTH,ممارسة النشاط البدني اليومي,أداء تمارين رياضية أو حركية منتظمة للحفاظ على اللياقة,المنزل/النادي/الشارع,يوميًا,الرياضة، الصحة,18,معتمد مبدئيًا,Pasted text(52).txt
HEALTH-019,DOM-HEALTH,المشي اليومي,الخروج للمشي في الحي أو الحديقة لمدة محددة,الخارج,يوميًا,الرياضة، الصحة، النشاط البدني,19,معتمد مبدئيًا,Pasted text(52).txt
HEALTH-020,DOM-HEALTH,حضور جلسة علاج طبيعي,الذهاب لعيادة العلاج الطبيعي لأداء تمارين تحت إشراف أخصائي,مركز العلاج الطبيعي,حسب الخطة,الصحة، النشاط البدني,20,معتمد مبدئيًا,Pasted text(52).txt
HEALTH-021,DOM-HEALTH,شراء المستلزمات الطبية,شراء أجهزة قياس أو ضمادات أو أدوات طبية من الصيدلية أو المتجر,الصيدلية/المتجر,عند الحاجة,الصحة، الميزانية,21,معتمد مبدئيًا,Pasted text(52).txt
HEALTH-022,DOM-HEALTH,تجديد الوصفة الطبية,زيارة الطبيب أو الاتصال لإعادة صرف دواء بشكل دوري,العيادة/الهاتف,شهريًا/حسب الدواء,الصحة,22,معتمد مبدئيًا,Pasted text(52).txt
HEALTH-023,DOM-HEALTH,مراجعة نتائج التحاليل,قراءة ورقة نتائج الدم أو البول مع الطبيب أو في المنزل,العيادة/المختبر/المنزل,عند الحاجة,الصحة,23,معتمد مبدئيًا,Pasted text(52).txt
HEALTH-024,DOM-HEALTH,إجراء فحص دوري شامل,زيارة طبيب لإجراء فحص عام للصحة الوقائي,العيادة/المستشفى,سنويًا,الصحة، الوقاية,24,معتمد مبدئيًا,Pasted text(52).txt
HEALTH-025,DOM-HEALTH,تلقي التطعيمات الروتينية,أخذ لقاح وقائي في العيادة أو المركز الصحي,المركز الصحي/العيادة,حسب الجدول,الصحة، الوقاية,25,معتمد مبدئيًا,Pasted text(52).txt
HEALTH-026,DOM-HEALTH,موعد طبيب الأسنان,زيارة عيادة الأسنان للفحص أو العلاج,عيادة الأسنان,نصف سنويًا/عند الألم,الصحة,26,معتمد مبدئيًا,Pasted text(52).txt
HEALTH-027,DOM-HEALTH,موعد فحص النظر,زيارة عيادة العيون لفحص حدة الإبصار وصحة العين,عيادة العيون,سنويًا,الصحة,27,معتمد مبدئيًا,Pasted text(52).txt
HEALTH-028,DOM-HEALTH,موعد فحص السمع,زيارة عيادة الأنف والأذن أو السمعيات لفحص السمع,عيادة الأنف والأذن/السمعيات,عند الحاجة,الصحة,28,معتمد مبدئيًا,Pasted text(52).txt
HEALTH-029,DOM-HEALTH,موعد عيادة متخصصة,زيارة طبيب اختصاصي (باطنية/قلب/عظام/جلدية) حسب الحالة,العيادة المتخصصة,عند الحاجة,الصحة,29,معتمد مبدئيًا,Pasted text(52).txt
HEALTH-030,DOM-HEALTH,موعد الأشعة أو الصور الطبية,الذهاب لقسم الأشعة لإجراء أشعة سينية أو رنين أو مقطعية,مركز الأشعة,عند الحاجة,الصحة,30,معتمد مبدئيًا,Pasted text(52).txt
HEALTH-031,DOM-HEALTH,موعد المختبر لأخذ عينات,الذهاب للمختبر لسحب دم أو أخذ عينة بول أو غيرها,المختبر,عند الحاجة,الصحة,31,معتمد مبدئيًا,Pasted text(52).txt
HEALTH-032,DOM-HEALTH,استلام نتائج التحاليل المخبرية,العودة للمختبر أو استلام النتائج إلكترونياً أو ورقياً,المختبر/المنزل,بعد التحليل,الصحة,32,معتمد مبدئيًا,Pasted text(52).txt
HEALTH-033,DOM-HEALTH,موعد طوارئ غير مخطط,الذهاب لقسم الطوارئ بسبب ألم أو إصابة حادة,قسم الطوارئ,عند الطوارئ,الصحة، السلامة,33,معتمد مبدئيًا,Pasted text(52).txt
HEALTH-034,DOM-HEALTH,نقل مريض للمستشفى,نقل شخص مريض أو مصاب بالسيارة أو الإسعاف للمستشفى,الطريق/السيارة,عند الطوارئ,الصحة، السلامة، التنقل,34,معتمد مبدئيًا,Pasted text(52).txt
HEALTH-035,DOM-HEALTH,الانتظار في قسم الطوارئ,الجلوس في منطقة انتظار الطوارئ حتى يتم الفحص,قسم الطوارئ,عند الطوارئ,الصحة,35,معتمد مبدئيًا,Pasted text(52).txt
HEALTH-036,DOM-HEALTH,التسجيل في استقبال الطوارئ,تقديم البيانات وتسجيل الدخول في قسم الطوارئ,قسم الطوارئ,عند الطوارئ,الصحة,36,معتمد مبدئيًا,Pasted text(52).txt
HEALTH-037,DOM-HEALTH,الفحص الأولي في الطوارئ,إجراء فحص سريع من قبل طبيب الطوارئ لتقييم الحالة,قسم الطوارئ,عند الطوارئ,الصحة,37,معتمد مبدئيًا,Pasted text(52).txt
HEALTH-038,DOM-HEALTH,استلام تقرير الطوارئ والخروج,تسلم التقرير الطبي والمغادرة بعد استقرار الحالة,قسم الطوارئ,بعد العلاج,الصحة,38,معتمد مبدئيًا,Pasted text(52).txt
HEALTH-039,DOM-HEALTH,الدخول للمتابعة أو الملاحظة في المستشفى,البقاء في المستشفى للمراقبة بعد الطوارئ أو قبل العملية,المستشفى,عند الحاجة,الصحة,39,معتمد مبدئيًا,Pasted text(52).txt
HEALTH-040,DOM-HEALTH,موعد فحص ما قبل الجراحة,زيارة طبيب لإجراء فحوصات قبل عملية جراحية مقررة,المستشفى/العيادة,قبل العملية,الصحة,40,معتمد مبدئيًا,Pasted text(52).txt
HEALTH-041,DOM-HEALTH,موعد الجراحة أو العملية,حضور الموعد المحدد لإجراء عملية جراحية في المستشفى,غرفة العمليات,حسب الجدول,الصحة,41,معتمد مبدئيًا,Pasted text(52).txt
HEALTH-042,DOM-HEALTH,الاستيقاظ من التخدير والتعافي,البقاء في غرفة الاستيقاظ ثم التعافي بعد العملية,غرفة الاستيقاظ/الردهة,بعد العملية,الصحة,42,معتمد مبدئيًا,Pasted text(52).txt
HEALTH-043,DOM-HEALTH,خروج المريض من المستشفى,إنهاء إجراءات الخروج والعودة للمنزل بعد العملية أو العلاج,المستشفى,بعد العلاج,الصحة، التنقل,43,معتمد مبدئيًا,Pasted text(52).txt
HEALTH-044,DOM-HEALTH,متابعة ما بعد الجراحة,زيارة الطبيب للتأكد من التئام الجرح وسلامة العملية,العيادة,بعد العملية,الصحة,44,معتمد مبدئيًا,Pasted text(52).txt
HEALTH-045,DOM-HEALTH,تغيير ضماد أو فحص جرح,زيارة العيادة أو تغيير الضماد في المنزل للتأكد من نظافة الجرح,العيادة/المنزل,حسب الجرح,الصحة,45,معتمد مبدئيًا,Pasted text(52).txt
HEALTH-046,DOM-HEALTH,إزالة غرز أو تبديل جبيرة,زيارة الطبيب لإزالة خيوط الغرز أو تبديل الجبيرة المكسورة,العيادة/المستشفى,بعد العملية/الكسر,الصحة,46,معتمد مبدئيًا,Pasted text(52).txt
HEALTH-047,DOM-HEALTH,موعد أخذ عينة خزعة أو بزل,إجراء فحص أخذ عينة من نسيج أو سائل للتحليل المخبري,العيادة/المستشفى,عند الحاجة,الصحة,47,معتمد مبدئيًا,Pasted text(52).txt
HEALTH-048,DOM-HEALTH,موعد نقل دم,الذهاب للمستشفى أو المركز لأخذ كيس دم أو صفائح,المستشفى,عند الحاجة,الصحة,48,معتمد مبدئيًا,Pasted text(52).txt
HEALTH-049,DOM-HEALTH,موعد جلسة غسيل كلى,الذهاب لمركز الغسيل الكلوي لإجراء جلسة الغسيل,مركز الغسيل,حسب الجدول,الصحة,49,معتمد مبدئيًا,Pasted text(52).txt
HEALTH-050,DOM-HEALTH,موعد جلسة علاج كيميائي أو إشعاعي,حضور جلسة العلاج الكيميائي أو الإشعاعي في المركز الصحي,مركز الأورام,حسب الجدول,الصحة,50,معتمد مبدئيًا,Pasted text(52).txt
HEALTH-051,DOM-HEALTH,موعد استشارة تغذية,زيارة أخصائي تغذية لمناقشة الحمية والوجبات الصحية,عيادة التغذية,عند الحاجة,الصحة، المطبخ,51,معتمد مبدئيًا,Pasted text(52).txt
HEALTH-052,DOM-HEALTH,فحص القدم السكري,فحص القدمين عند طبيب مختص للوقاية من قرحة السكري,عيادة القدم السكري,شهريًا,الصحة,52,معتمد مبدئيًا,Pasted text(52).txt
HEALTH-053,DOM-HEALTH,فحص وظائف الكبد والفيروسات,إجراء تحليل دم لفحص إنزيمات الكبد والتهابات الكبد الفيروسية,المختبر,سنويًا/عند الحاجة,الصحة,53,معتمد مبدئيًا,Pasted text(52).txt
HEALTH-054,DOM-HEALTH,فحص فيتامينات ومعادن,إجراء تحليل دم للتحقق من مستويات الفيتامينات والحديد,المختبر,عند الحاجة,الصحة,54,معتمد مبدئيًا,Pasted text(52).txt
HEALTH-055,DOM-HEALTH,فحص الهرمونات,إجراء تحليل دم للتحقق من مستويات الهرمونات المختلفة,المختبر,عند الحاجة,الصحة,55,معتمد مبدئيًا,Pasted text(52).txt
HEALTH-056,DOM-HEALTH,فحص الحساسية والجل,إجراء اختبار حساسية بالجل أو بالدم للكشف عن المسببات,العيادة/المختبر,عند الحاجة,الصحة,56,معتمد مبدئيًا,Pasted text(52).txt
HEALTH-057,DOM-HEALTH,فحص المناعة والروماتيزم,إجراء تحاليل للكشف عن أمراض المناعة الذاتية أو الروماتيزم,المختبر,عند الحاجة,الصحة,57,معتمد مبدئيًا,Pasted text(52).txt
HEALTH-058,DOM-HEALTH,موعد عيادة النوم أو تخطيط النوم,زيارة عيادة النوم لإجراء تخطيط النوم وفحص اضطرابات التنفس,مركز النوم,عند الحاجة,الصحة، النوم,58,معتمد مبدئيًا,Pasted text(52).txt
HEALTH-059,DOM-HEALTH,فحص الشامات والجلد,زيارة طبيب الجلدية لفحص شامات جديدة أو تغييرات في الجلد,عيادة الجلدية,سنويًا,الصحة,59,معتمد مبدئيًا,Pasted text(52).txt
HEALTH-060,DOM-HEALTH,فحص أسنان الأطفال الروتيني,زيارة طبيب أسنان الأطفال للفحص الوقائي والتنظيف,عيادة أسنان الأطفال,نصف سنويًا,الصحة، رعاية الطفل,60,معتمد مبدئيًا,Pasted text(52).txt
HEALTH-061,DOM-HEALTH,تركيب أو تعديل تقويم الأسنان,زيارة طبيب التقويم لتعديل الأسلاك أو تركيب تقويم جديد,عيادة التقويم,شهريًا,الصحة,61,معتمد مبدئيًا,Pasted text(52).txt
HEALTH-062,DOM-HEALTH,فحص عيون الأطفال (كسل العين),زيارة طبيب عيون الأطفال للكشف عن كسل العين أو الحول,عيادة عيون الأطفال,سنويًا,الصحة، رعاية الطفل,62,معتمد مبدئيًا,Pasted text(52).txt
HEALTH-063,DOM-HEALTH,فحص سمع الأطفال (حديثي الولادة),إجراء فحص سمعي للرضع للكشف المبكر عن ضعف السمع,المستشفى/العيادة,بعد الولادة,الصحة، رعاية الطفل,63,معتمد مبدئيًا,Pasted text(52).txt
HEALTH-064,DOM-HEALTH,فحص ما قبل الزواج,إجراء فحوصات طبية مطلوبة قانونياً قبل عقد الزواج,المستشفى/المركز الصحي,قبل الزواج,الصحة، المجتمع والثقافة,64,معتمد مبدئيًا,Pasted text(52).txt
HEALTH-065,DOM-HEALTH,موعد فحص حمل أو توليد,زيارة طبيب النساء للمتابعة الدورية للحمل أو الموعد المتوقع للولادة,عيادة النساء,شهريًا (أثناء الحمل),الصحة، رعاية الطفل,65,معتمد مبدئيًا,Pasted text(52).txt
HEALTH-066,DOM-HEALTH,موعد سونار حمل,إجراء تصوير بالموجات فوق الصوتية للجنين ومتابعة النمو,مركز الأشعة/العيادة,حسب جدول الحمل,الصحة، رعاية الطفل,66,معتمد مبدئيًا,Pasted text(52).txt
HEALTH-067,DOM-HEALTH,موعد طبيب النساء الروتيني,زيارة دورية لطبيب النساء للفحص الوقائي,عيادة النساء,سنويًا,الصحة,67,معتمد مبدئيًا,Pasted text(52).txt
HEALTH-068,DOM-HEALTH,فحص سرطان عنق الرحم (مسحة بابانيكولاو),إجراء مسحة للكشف المبكر عن سرطان عنق الرحم,عيادة النساء,سنويًا/كل 3 سنوات,الصحة، الوقاية,68,معتمد مبدئيًا,Pasted text(52).txt
HEALTH-069,DOM-HEALTH,فحص الماموجرام (الثدي),إجراء تصوير أشعة للثدي للكشف المبكر عن الأورام,مركز الأشعة,سنويًا/كل سنتين,الصحة، الوقاية,69,معتمد مبدئيًا,Pasted text(52).txt
HEALTH-070,DOM-HEALTH,فحص البروستاتا وPSA,إجراء فحص دم وفحص رقمي للبروستاتا للرجال,العيادة/المختبر,سنويًا (لمن فوق 50),الصحة، الوقاية,70,معتمد مبدئيًا,Pasted text(52).txt
HEALTH-071,DOM-HEALTH,فحص منظار القولون,إجراء تنظير للقولون للكشف عن الأورام أو التقرحات,المستشفى,كل 5-10 سنوات,الصحة، الوقاية,71,معتمد مبدئيًا,Pasted text(52).txt
HEALTH-072,DOM-HEALTH,فحص وظائف الرئة (تنفس),إجراء اختبار قياس التنفس للكشف عن الربو أو انتفاخ الرئة,عيادة الصدرية/المختبر,عند الحاجة,الصحة,72,معتمد مبدئيًا,Pasted text(52).txt
HEALTH-073,DOM-HEALTH,فحص كثافة العظم (DEXA),إجراء أشعة لقياس كثافة العظام والكشف عن هشاشة العظام,مركز الأشعة,سنويًا (لمن فوق 50),الصحة,73,معتمد مبدئيًا,Pasted text(52).txt
HEALTH-074,DOM-HEALTH,فحص الدوبلر والشرايين,إجراء تصوير بالموجات فوق الصوتية للشرايين والأوردة,مركز الأشعة,عند الحاجة,الصحة,74,معتمد مبدئيًا,Pasted text(52).txt
HEALTH-075,DOM-HEALTH,فحص كهربية الدماغ (EEG),إجراء تخطيط كهربية الدماغ للكشف عن الصرع أو النوبات,المستشفى/المركز,عند الحاجة,الصحة,75,معتمد مبدئيًا,Pasted text(52).txt
HEALTH-076,DOM-HEALTH,فحص العصب والعضل (EMG),إجراء تخطيط كهربية العضل والعصب للكشف عن الأضرار العصبية,المستشفى/المركز,عند الحاجة,الصحة,76,معتمد مبدئيًا,Pasted text(52).txt
HEALTH-077,DOM-HEALTH,فحص باطن العين وضغط العين,فحص شبكية العين وقياس ضغط العين للكشف عن الماء الأزرق,عيادة العيون,سنويًا,الصحة,77,معتمد مبدئيًا,Pasted text(52).txt
HEALTH-078,DOM-HEALTH,فحص حقل البصر,إجراء اختبار لقياس مدى رؤية الجوانب والمحيط,عيادة العيون,عند الحاجة,الصحة,78,معتمد مبدئيًا,Pasted text(52).txt
HEALTH-079,DOM-HEALTH,فحص انكسار العين وتحديد النظارات,قياس درجات النظر لتحديد عدسات النظارات المناسبة,عيادة العيون,سنويًا,الصحة,79,معتمد مبدئيًا,Pasted text(52).txt
HEALTH-080,DOM-HEALTH,تركيب عدسات لاصقة طبية,تركيب عدسات لاصقة بعد فحص مقاسات القرنية,عيادة العيون/المتجر,عند الحاجة,الصحة، المظهر الشخصي,80,معتمد مبدئيًا,Pasted text(52).txt
HEALTH-081,DOM-HEALTH,فحص ومتابعة العدسات اللاصقة,مراجعة العين بعد فترة من تركيب العدسات للتأكد من السلامة,عيادة العيون,شهريًا/ربع سنوي,الصحة,81,معتمد مبدئيًا,Pasted text(52).txt
HEALTH-082,DOM-HEALTH,شراء أدوية بدون وصفة,شراء أدوية مسكنات أو فيتامينات أو أدوية برد بدون وصفة,الصيدلية,عند الحاجة,الصحة، الميزانية,82,معتمد مبدئيًا,Pasted text(52).txt
HEALTH-083,DOM-HEALTH,استشارة الصيدلي,سؤال الصيدلي عن استخدام دواء أو بديل أو أعراض جانبية,الصيدلية,عند الحاجة,الصحة، التواصل,83,معتمد مبدئيًا,Pasted text(52).txt
HEALTH-084,DOM-HEALTH,طلب إعادة صرف الوصفة,الاتصال بالطبيب أو الصيدلية لتجديد دواء بشكل دوري,الهاتف/العيادة,شهريًا,الصحة,84,معتمد مبدئيًا,Pasted text(52).txt
HEALTH-085,DOM-HEALTH,تسجيل أعراض جانبية للدواء,ملاحظة وتدوين أي أعراض غير طبيعية بعد تناول الدواء,المنزل,عند الحاجة,الصحة,85,معتمد مبدئيًا,Pasted text(52).txt
HEALTH-086,DOM-HEALTH,تعديل جرعة أو وقف دواء,زيارة الطبيب لتعديل الجرعة أو إيقاف الدواء حسب الحالة,العيادة,عند الحاجة,الصحة,86,معتمد مبدئيًا,Pasted text(52).txt
HEALTH-087,DOM-HEALTH,تلقي التطعيم الإضافي,أخذ لقاح موسمي للإنفلونزا أو كورونا أو غيره,المركز الصحي/العيادة,موسميًا,الصحة، الوقاية,87,معتمد مبدئيًا,Pasted text(52).txt
HEALTH-088,DOM-HEALTH,تطعيم الأطفال الروتيني,إعطاء الطفل اللقاحات المقررة في جدول التطعيم الوطني,المركز الصحي,حسب الجدول,الصحة، رعاية الطفل,88,معتمد مبدئيًا,Pasted text(52).txt
HEALTH-089,DOM-HEALTH,تطعيم قبل المدرسة,إعطاء الطفل اللقاحات المطلوبة قبل دخول المدرسة,المركز الصحي,قبل المدرسة,الصحة، رعاية الطفل، التعليم,89,معتمد مبدئيًا,Pasted text(52).txt
HEALTH-090,DOM-HEALTH,تطعيم السفر,أخذ لقاحات مطلوبة قبل السفر لوجهة معينة,المركز الصحي,قبل السفر,الصحة، السفر,90,معتمد مبدئيًا,Pasted text(52).txt
HEALTH-091,DOM-HEALTH,فحص صحة عامة للتأمين,إجراء فحوصات طبية مطلوبة للتأمين الصحي أو تأمين الحياة,المستشفى/المركز,عند التقديم,الصحة، الإدارة المالية,91,معتمد مبدئيًا,Pasted text(52).txt
HEALTH-092,DOM-HEALTH,فحص ما قبل الرياضة,إجراء فحص طبي للتأكد من اللياقة قبل ممارسة رياضة منظمة,العيادة/المستشفى,سنويًا,الرياضة، الصحة,92,معتمد مبدئيًا,Pasted text(52).txt
HEALTH-093,DOM-HEALTH,فحص ما بعد حادث أو إصابة,زيارة الطبيب للتأكد من سلامة العظام والأنسجة بعد حادث,العيادة/المستشفى,بعد الحادث,الصحة، السلامة,93,معتمد مبدئيًا,Pasted text(52).txt
HEALTH-094,DOM-HEALTH,استدعاء الطبيب أو التمريض المنزلي,الاتصال بالخدمات الطبية المنزلية لزيارة مريض في البيت,المنزل,عند الحاجة,الصحة، التواصل,94,معتمد مبدئيًا,Pasted text(52).txt
HEALTH-095,DOM-HEALTH,طلب الإسعاف أو النجدة,الاتصال برقم الطوارئ لطلب سيارة إسعاف,المنزل/الشارع,عند الطوارئ,الصحة، السلامة,95,معتمد مبدئيًا,Pasted text(52).txt
HEALTH-096,DOM-HEALTH,تقديم إسعاف أولي في المنزل,إجراء إجراءات طبية أولية بسيطة للمصاب قبل وصول المساعدة,المنزل,عند الحاجة,الصحة، السلامة,96,معتمد مبدئيًا,Pasted text(52).txt
HEALTH-097,DOM-HEALTH,نقل مصاب بالسيارة للمستشفى,نقل شخص مصاب بسيارة خاصة لأقرب مستشفى أو مركز صحي,السيارة/الطريق,عند الطوارئ,الصحة، السلامة، التنقل,97,معتمد مبدئيًا,Pasted text(52).txt
HEALTH-098,DOM-HEALTH,قياس درجة الحرارة,استخدام ميزان حرارة للتحقق من وجود حمى,المنزل/العيادة,عند الحاجة,الصحة,98,معتمد مبدئيًا,Pasted text(52).txt
HEALTH-099,DOM-HEALTH,فحص النبض والتنفس,قياس معدل ضربات القلب والتنفس للتأكد من استقرار العلامات الحيوية,المنزل/العيادة,عند الحاجة,الصحة,99,معتمد مبدئيًا,Pasted text(52).txt
HEALTH-100,DOM-HEALTH,فحص تشبع الأكسجين,استخدام جهاز قياس نبضي لمعرفة نسبة الأكسجين في الدم,المنزل/العيادة,عند الحاجة,الصحة,100,معتمد مبدئيًا,Pasted text(52).txt
HEALTH-101,DOM-HEALTH,استخدام جهاز البخاخ الاستنشاقي,استخدام بخاخ الربو أو الاحتقان للتنفس بشكل أفضل,المنزل/العيادة,عند الحاجة,الصحة,101,معتمد مبدئيًا,Pasted text(52).txt
HEALTH-102,DOM-HEALTH,استخدام جهاز النيبولايزر,استخدام جهاز البخاخ الدوائي لتبخير الدواء في الرئتين,المنزل,حسب الوصفة,الصحة,102,معتمد مبدئيًا,Pasted text(52).txt
HEALTH-103,DOM-HEALTH,استخدام كرسي أو سرير طبي,استخدام كرسي مريح أو سرير طبي قابل للتعديل للمريض في المنزل,المنزل,حسب الحالة,الصحة، إدارة المنزل,103,معتمد مبدئيًا,Pasted text(52).txt
HEALTH-104,DOM-HEALTH,استخدام عكاز أو مشاية أو كرسي متحرك,الاعتماد على أدوات المشي أو الحركة للتنقل داخل وخارج المنزل,المنزل/الخارج,حسب الحالة,الصحة، التنقل,104,معتمد مبدئيًا,Pasted text(52).txt
HEALTH-105,DOM-HEALTH,استخدام حمالة أو جبيرة أو ضمادة ضغط,ارتداء دعامة للجزء المصاب لتثبيت الكسر أو التواء,المنزل/العيادة,حسب الحالة,الصحة,105,معتمد مبدئيًا,Pasted text(52).txt
HEALTH-106,DOM-HEALTH,استبدال ضمادة أو جلدة أو لاصق طبي,إزالة الضمادة القديمة ووضع ضمادة نظيفة على الجرح,المنزل/العيادة,حسب الجرح,الصحة، النظافة الشخصية,106,معتمد مبدئيًا,Pasted text(52).txt
HEALTH-107,DOM-HEALTH,تنظيف جرح أو قرحة في المنزل,غسل الجرح بالماء والصابون أو المحلول المعقم وتنشيفه,المنزل,يوميًا/حسب الجرح,الصحة، النظافة الشخصية,107,معتمد مبدئيًا,Pasted text(52).txt
HEALTH-108,DOM-HEALTH,وضع كريم أو مرهم على جرح أو حروق,دهن مضاد حيوي أو كريم حروق على المنطقة المصابة,المنزل,حسب الجرح,الصحة,108,معتمد مبدئيًا,Pasted text(52).txt
HEALTH-109,DOM-HEALTH,استخدام كمادات باردة أو ساخنة,وضع كمادات ثلج أو ماء دافئ على منطقة متورمة أو متيبسة,المنزل,عند الحاجة,الصحة,109,معتمد مبدئيًا,Pasted text(52).txt
HEALTH-110,DOM-HEALTH,أداء تمارين علاجية في المنزل,ممارسة تمارين محددة من العلاج الطبيعي في المنزل بشكل منتظم,المنزل,يوميًا,الصحة، النشاط البدني,110,معتمد مبدئيًا,Pasted text(52).txt
HEALTH-111,DOM-HEALTH,أداء تمارين تنفسية أو تأهيل رئة,ممارسة تمارين التنفس العميق لتحسين وظائف الرئة,المنزل,يوميًا,الصحة,111,معتمد مبدئيًا,Pasted text(52).txt
HEALTH-112,DOM-HEALTH,أداء تمارين تقوية عضلية,رفع أوزان خفيفة أو استخدام أحزمة مقاومة لتقوية العضلات,المنزل,يوميًا,الصحة، النشاط البدني,112,معتمد مبدئيًا,Pasted text(52).txt
HEALTH-113,DOM-HEALTH,أداء تمارين توازن وتناسق,ممارسة تمارين الوقوف على رجل واحدة أو استخدام كرة التوازن,المنزل,يوميًا,الصحة، النشاط البدني,113,معتمد مبدئيًا,Pasted text(52).txt
HEALTH-114,DOM-HEALTH,تسجيل يوميات الألم والأعراض,كتابة مستوى الألم والأعراض اليومية في دفتر أو تطبيق,المنزل,يوميًا,الصحة، إدارة المنزل,114,معتمد مبدئيًا,Pasted text(52).txt
HEALTH-115,DOM-HEALTH,تسجيل يوميات النوم,تدوين ساعات النوم والاستيقاظ وجودة النوم,المنزل,يوميًا,الصحة، النوم,115,معتمد مبدئيًا,Pasted text(52).txt
HEALTH-116,DOM-HEALTH,تسجيل يوميات الطعام والحمية,تدوين الوجبات والسعرات الحرارية والماء المستهلك,المنزل,يوميًا,الصحة، المطبخ,116,معتمد مبدئيًا,Pasted text(52).txt
HEALTH-117,DOM-HEALTH,تسجيل يوميات الدورة الشهرية,تدوين موعد الدورة والأعراض المصاحبة في التقويم,المنزل,شهريًا,الصحة، النظافة الشخصية,117,معتمد مبدئيًا,Pasted text(52).txt
HEALTH-118,DOM-HEALTH,تسجيل يوميات الحمل,تدوين تطورات الحمل والأعراض والمواعيد الطبية,المنزل,أسبوعيًا,الصحة، رعاية الطفل,118,معتمد مبدئيًا,Pasted text(52).txt
HEALTH-119,DOM-HEALTH,تسجيل تطورات نمو الطفل,تدوين الوزن والطول والمهارات الجديدة للطفل,المنزل,شهريًا,الصحة، رعاية الطفل، النمو والتطور,119,معتمد مبدئيًا,Pasted text(52).txt
HEALTH-120,DOM-HEALTH,غسل وتعقيم أدوات القياس,تنظيف جهاز ضغط الدم أو جهاز السكر بالماء والصابون أو الكحول,المنزل,أسبوعيًا,الصحة، النظافة,120,معتمد مبدئيًا,Pasted text(52).txt
HEALTH-121,DOM-HEALTH,تسجيل قراءات الضغط أو السكر,كتابة نتائج القياسات في دفتر أو تطبيق للمتابعة,المنزل,حسب الجدول,الصحة، إدارة المنزل,121,معتمد مبدئيًا,Pasted text(52).txt
HEALTH-122,DOM-HEALTH,تخزين الأدوية في الثلاجة أو الخزانة,حفظ الأدوية التي تتطلب تبريد أو بيئة جافة في مكانها المناسب,المنزل,بعد الشراء,الصحة، إدارة المنزل,122,معتمد مبدئيًا,Pasted text(52).txt
HEALTH-123,DOM-HEALTH,التخلص من الأدوية منتهية الصلاحية,جمع الأدوية الفاسدة وإعادتها للصيدلية أو التخلص الآمن منها,المنزل/الصيدلية,موسميًا,الصحة، البيئة,123,معتمد مبدئيًا,Pasted text(52).txt
HEALTH-124,DOM-HEALTH,إحضار طعام أو احتياجات لمريض مقيم,نقل الطعام أو الملابس أو الاحتياجات الشخصية للمريض في المستشفى,المستشفى,يوميًا/أسبوعيًا,الصحة، رعاية الأسرة,124,معتمد مبدئيًا,Pasted text(52).txt
HEALTH-125,DOM-HEALTH,استلام مريض من المستشفى بعد العملية,الذهاب للمستشفى لإنهاء إجراءات خروج المريض ونقله للمنزل,المستشفى,بعد العملية,الصحة، التنقل، رعاية الأسرة,125,معتمد مبدئيًا,Pasted text(52).txt
HEALTH-126,DOM-HEALTH,ترتيب سرير أو غرفة لمريض في المنزل,تجهيز سرير مناسب ووسائل الراحة للمريض في غرفة بالمنزل,المنزل,عند الحاجة,الصحة، إدارة المنزل,126,معتمد مبدئيًا,Pasted text(52).txt
HEALTH-127,DOM-HEALTH,مساعدة مريض على تناول الدواء أو الطعام,تقديم الدواء أو الطعام للمريض ومساعدته على البلع,المنزل,حسب الحالة,الصحة، رعاية الأسرة,127,معتمد مبدئيًا,Pasted text(52).txt
HEALTH-128,DOM-HEALTH,مساعدة مريض على الحركة أو الذهاب للحمام,مساعدة المريض على الوقوف أو المشي أو استخدام الحمام,المنزل,حسب الحالة,الصحة، رعاية الأسرة,128,معتمد مبدئيًا,Pasted text(52).txt
HEALTH-129,DOM-HEALTH,مراقبة العلامات الحيوية لمريض في المنزل,قياس الحرارة والضغط والنبض للمريض في البيت بشكل دوري,المنزل,حسب الحالة,الصحة، رعاية الأسرة,129,معتمد مبدئيًا,Pasted text(52).txt
HEALTH-130,DOM-HEALTH,زيارة مريض في المستشفى,الذهاب للمستشفى لزيارة مريض مقيم والاطمئنان عليه,المستشفى,أسبوعيًا/يوميًا,الصحة، العلاقات الأسرية,130,معتمد مبدئيًا,Pasted text(52).txt
HEALTH-131,DOM-HEALTH,موعد استشارة ثانية أو رأي طبي ثانٍ,زيارة طبيب آخر للتحقق من التشخيص أو خطة العلاج,العيادة,عند الحاجة,الصحة,131,معتمد مبدئيًا,Pasted text(52).txt
HEALTH-132,DOM-HEALTH,أرشفة التقارير الطبية والأشعة,ترتيب الملفات الطبية والأشعة القديمة في ملف منظم,المنزل,سنويًا,إدارة المنزل، الصحة,132,معتمد مبدئيًا,Pasted text(52).txt
HEALTH-133,DOM-HEALTH,تحديث ملف التأمين الصحي,مراجعة بيانات التأمين وإضافة أفراد أو تعديل البيانات,المنزل/شركة التأمين,سنويًا,الإدارة المالية، الصحة,133,معتمد مبدئيًا,Pasted text(52).txt
HEALTH-134,DOM-HEALTH,تجديد بطاقة التأمين أو الاشتراك,دفع قيمة التجديد للحفاظ على تغطية التأمين الصحي,شركة التأمين,سنويًا,الإدارة المالية، الصحة,134,معتمد مبدئيًا,Pasted text(52).txt
HEALTH-135,DOM-HEALTH,دفع رسوم المشاركة التأمينية,دفع نسبة المشاركة المطلوبة عند الزيارة أو الصيدلية,العيادة/الصيدلية,عند الاستخدام,الإدارة المالية، الصحة,135,معتمد مبدئيًا,Pasted text(52).txt
HEALTH-136,DOM-HEALTH,طلب تقرير طبي للعمل أو المدرسة,طلب كتابة تقرير طبي رسمي يوضح الحالة الصحية,العيادة,عند الحاجة,الصحة، العمل/التعليم,136,معتمد مبدئيًا,Pasted text(52).txt
HEALTH-137,DOM-HEALTH,طلب إجازة مرضية,طلب كتابة إجازة مرضية من الطبيب للغياب عن العمل أو الدراسة,العيادة,عند الحاجة,الصحة، العمل/التعليم,137,معتمد مبدئيًا,Pasted text(52).txt
HEALTH-138,DOM-HEALTH,تسليم إجازة مرضية للعمل أو المدرسة,تقديم الورقة الطبية للجهة المختصة لتبرير الغياب,العمل/المدرسة,بعد الزيارة,الصحة، العمل/التعليم,138,معتمد مبدئيًا,Pasted text(52).txt
HEALTH-139,DOM-HEALTH,إبلاغ المدرسة أو العمل بمرض الطفل,إخبار المسؤولين عن غياب الطفل بسبب المرض,الهاتف/المدرسة,عند الحاجة,الصحة، رعاية الطفل، التعليم,139,معتمد مبدئيًا,Pasted text(52).txt
HOME-001,DOM-HOME,ترتيب غرفة النوم,ترتيب السرير والمفروشات وتنظيم الأغراض الشخصية في غرفة النوم,غرفة النوم,يوميًا,النوم، النظافة الشخصية,1,معتمد مبدئيًا,Pasted text(49).txt
HOME-002,DOM-HOME,ترتيب غرفة المعيشة,تنظيم الكنب والوسائد والطاولات وترتيب الأغراض المتناثرة,غرفة المعيشة,يوميًا,العلاقات الأسرية، الاسترخاء,2,معتمد مبدئيًا,Pasted text(49).txt
HOME-003,DOM-HOME,تنظيف الأرضيات بالمكنسة الكهربائية,شفط الأتربة والغبار من أرضيات المنزل المختلفة,جميع الغرف,أسبوعيًا,النظافة المنزلية,3,معتمد مبدئيًا,Pasted text(49).txt
HOME-004,DOM-HOME,كنس الأرضيات بالمكنسة اليدوية,كنس الأرضيات بالمكنسة والجاروف لإزالة الأتربة والفتات,جميع الغرف,يوميًا,النظافة المنزلية,4,معتمد مبدئيًا,Pasted text(49).txt
HOME-005,DOM-HOME,مسح الأسطح بالممسحة,مسح أرضيات السيراميك والرخام بالماء والمنظفات,جميع الغرف,أسبوعيًا,النظافة المنزلية,5,معتمد مبدئيًا,Pasted text(49).txt
HOME-006,DOM-HOME,ترتيب الأحذية في المدخل,تنظيم أزواج الأحذية في الخزانة أو الرف المخصص عند المدخل,مدخل المنزل,يوميًا,المظهر الشخصي، التنظيم,6,معتمد مبدئيًا,Pasted text(49).txt
HOME-007,DOM-HOME,ترتيب الكتب في المكتبة أو الرفوف,إعادة ترتيب الكتب حسب الحجم أو الموضوع وإزالة الغبار,المكتبة/الرفوف,شهريًا,التعليم، التنظيم,7,معتمد مبدئيًا,Pasted text(49).txt
HOME-008,DOM-HOME,ترتيب الأغراض الشخصية,تنظيم المحافظ والمفاتيح والنظارات والهواتف في أماكنها المخصصة,غرفة النوم/المدخل,يوميًا,النظافة الشخصية,8,معتمد مبدئيًا,Pasted text(49).txt
HOME-009,DOM-HOME,إخراج القمامة إلى الحاوية الخارجية,نقل أكياس القمامة من داخل المنزل إلى الحاوية الخارجية,المنزل/الخارج,يوميًا,البيئة، النظافة المنزلية,9,معتمد مبدئيًا,Pasted text(49).txt
HOME-010,DOM-HOME,تغيير كيس القمامة,وضع كيس جديد في سلة المهملات بعد إخراج الممتلئ,جميع الغرف,عند الامتلاء,النظافة المنزلية,10,معتمد مبدئيًا,Pasted text(49).txt
HOME-011,DOM-HOME,تنظيف النوافذ من الداخل والخارج,غسل زجاج النوافذ وإطاراتها لإزالة الغبار والبقع,جميع الغرف,شهريًا,النظافة المنزلية,11,معتمد مبدئيًا,Pasted text(49).txt
HOME-012,DOM-HOME,ترتيب مدخل المنزل,تنظيم المظلات والأحذية وترتيب ديكور المدخل,مدخل المنزل,يوميًا,الضيافة، المظهر العام,12,معتمد مبدئيًا,Pasted text(49).txt
HOME-013,DOM-HOME,سقي النباتات المنزلية,ري النباتات الداخلية بالماء المناسب حسب احتياج كل نبات,الشرفة/النوافذ/الغرف,يوميًا/أسبوعيًا,البيئة، المسؤولية,13,معتمد مبدئيًا,Pasted text(49).txt
HOME-014,DOM-HOME,تنظيف الشرفة أو البلكونة,كنس ومسح أرضية الشرفة وإزالة الغبار من الأثاث الخارجي,الشرفة/البلكونة,أسبوعيًا,النظافة المنزلية,14,معتمد مبدئيًا,Pasted text(49).txt
HOME-015,DOM-HOME,تجهيز المنزل لاستقبال ضيوف,ترتيب الغرف وإعداد الضيافة وتنظيف الحمامات قبل وصول الزوار,جميع الغرف,عند الزيارات,العلاقات الاجتماعية، الضيافة,15,معتمد مبدئيًا,Pasted text(49).txt
HOME-016,DOM-HOME,إعادة المنزل لوضعه الطبيعي بعد الضيوف,جمع أكواب الضيافة وإعادة ترتيب الأثاث وإزالة بقايا الزيارة,جميع الغرف,بعد الزيارات,النظافة المنزلية,16,معتمد مبدئيًا,Pasted text(49).txt
HOME-017,DOM-HOME,ترتيب المخزن أو غرفة التخزين,تنظيم الصناديق والأغراض المخزنة وترتيبها على الرفوف,المخزن,موسميًا,إدارة المنزل، التنظيم,17,معتمد مبدئيًا,Pasted text(49).txt
HOME-018,DOM-HOME,تنظيم أدوات التنظيف,ترتيب المكنسة والممسحة والمنظفات في مكان مخصص,خزانة التنظيف,شهريًا,إدارة المنزل، الصيانة,18,معتمد مبدئيًا,Pasted text(49).txt
HOME-019,DOM-HOME,تجهيز المنزل قبل السفر,إغلاق النوافذ، فحص الأقفال، إطفاء الأجهزة غير الضرورية,جميع الغرف,قبل السفر,السفر، السلامة المنزلية,19,معتمد مبدئيًا,Pasted text(49).txt
HOME-020,DOM-HOME,إعادة ترتيب المنزل بعد العودة من السفر,فتح النوافذ، تشغيل الأجهزة، إعادة ترتيب الأغراض وفرش الغسيل,جميع الغرف,بعد السفر,السفر، النظافة المنزلية,20,معتمد مبدئيًا,Pasted text(49).txt
HOME-021,DOM-HOME,تغيير مفارش وشراشف السرير,خلع المفروشات المستخدمة ووضع أخرى نظيفة على السرير,غرفة النوم,أسبوعيًا,النظافة الشخصية، الصحة,21,معتمد مبدئيًا,Pasted text(49).txt
HOME-022,DOM-HOME,ترتيب خزانة الملابس,تنظيم الملابس المعلقة والمطوية وترتيبها حسب النوع,غرفة النوم,موسميًا,الملابس، التنظيم,22,معتمد مبدئيًا,Pasted text(49).txt
HOME-023,DOM-HOME,تنظيف الحمام الرئيسي,غسل الأرضيات والحوض والمرحاض وإزالة البقع والعفن,الحمام الرئيسي,أسبوعيًا,النظافة الشخصية، الصحة,23,معتمد مبدئيًا,Pasted text(49).txt
HOME-024,DOM-HOME,ترتيب أدوات الحمام,تنظيم المناشف ومنتجات العناية الشخصية وورق التواليت,الحمام,يوميًا,النظافة الشخصية,24,معتمد مبدئيًا,Pasted text(49).txt
HOME-025,DOM-HOME,تنظيف السجاد والموكيت,كنس السجاد وإزالة البقع بالبخار أو المنظفات,غرف المعيشة والنوم,موسميًا,النظافة المنزلية,25,معتمد مبدئيًا,Pasted text(49).txt
HOME-026,DOM-HOME,تلميع الأثاث الخشبي,مسح الأثاث بمنظف خاص لإزالة الغبار وإعادة اللمعان,جميع الغرف,أسبوعيًا,الصيانة، المظهر العام,26,معتمد مبدئيًا,Pasted text(49).txt
HOME-027,DOM-HOME,تنظيف الستائر والمفروشات,إزالة الغبار من الستائر بالمكنسة أو غسلها إن أمكن,النوافذ,موسميًا,النظافة المنزلية,27,معتمد مبدئيًا,Pasted text(49).txt
HOME-028,DOM-HOME,ترتيب غرفة الأطفال,تنظيم الألعاب والكتب والملابس في غرفة الأطفال,غرفة الأطفال,يوميًا,رعاية الطفل، النمو,28,معتمد مبدئيًا,Pasted text(49).txt
HOME-029,DOM-HOME,تنظيف أعلى الخزائن والرفوف,إزالة الغبار المتراكم على أعلى الخزائن والرفوف العالية,جميع الغرف,شهريًا,النظافة المنزلية,29,معتمد مبدئيًا,Pasted text(49).txt
HOME-030,DOM-HOME,تنظيف الثريات والإضاءة,إزالة الغبار والحشرات من الثريات واللمبات والأغطية,السقف/الجدران,شهريًا,النظافة المنزلية,30,معتمد مبدئيًا,Pasted text(49).txt
HOME-031,DOM-HOME,تغيير لمبات الإضاءة المحترقة,استبدال اللمبات التي لم تعد تعمل بأخرى جديدة,جميع الغرف,عند الحاجة,الصيانة، السلامة,31,معتمد مبدئيًا,Pasted text(49).txt
HOME-032,DOM-HOME,تنظيف المكيفات ومراوح السقف,إزالة الغبار من أوراق المراوح وفلاتر المكيفات,الجدران/السقف,موسميًا,الصحة، الصيانة,32,معتمد مبدئيًا,Pasted text(49).txt
HOME-033,DOM-HOME,تلميع المرايا والزجاج,تنظيف المرايا وأسطح الزجاج من البقع والبصمات,جميع الغرف,أسبوعيًا,النظافة المنزلية,33,معتمد مبدئيًا,Pasted text(49).txt
HOME-034,DOM-HOME,تنظيف الأبواب والمقابض,مسح الأبواب الخشبية وتعقيم المقابض من البصمات والجراثيم,جميع الغرف,أسبوعيًا,الصحة، النظافة,34,معتمد مبدئيًا,Pasted text(49).txt
HOME-035,DOM-HOME,ترتيب المكتب المنزلي أو منطقة العمل,تنظيم الأوراق والكتب وأدوات المكتب على المكتب,المكتب المنزلي,يوميًا,العمل، الإنتاجية,35,معتمد مبدئيًا,Pasted text(49).txt
HOME-036,DOM-HOME,تنظيف الأجهزة الإلكترونية والشاشات,إزالة الغبار عن التلفاز والشاشات وأجهزة التحكم عن بعد,غرفة المعيشة/المكتب,أسبوعيًا,الصيانة، الترفيه,36,معتمد مبدئيًا,Pasted text(49).txt
HOME-037,DOM-HOME,ترتيب أدوات الخياطة والصيانة المنزلية,تنظيم صندوق الأدوات والإبر والخيوط في مكان مخصص,المخزن/الخزانة,شهريًا,الصيانة، المهارات المنزلية,37,معتمد مبدئيًا,Pasted text(49).txt
HOME-038,DOM-HOME,تنظيف الثلاجة والفريزر من الخارج,مسح جسم الثلاجة والفريزر من الغبار والبقع,المطبخ,أسبوعيًا,النظافة المنزلية,38,معتمد مبدئيًا,Pasted text(49).txt
HOME-039,DOM-HOME,تنظيف الغسالة والمجفف من الخارج,مسح أسطح الغسالة والمجفف وإزالة بقايا المنظفات,غرفة الغسيل,أسبوعيًا,الصيانة، النظافة,39,معتمد مبدئيًا,Pasted text(49).txt
HOME-040,DOM-HOME,تنظيف خلف الأجهزة المنزلية,إزالة الأتربة والأوساخ من خلف الثلاجة والغسالة,المطبخ/غرفة الغسيل,موسميًا,الصيانة، السلامة,40,معتمد مبدئيًا,Pasted text(49).txt
HOME-041,DOM-HOME,ترتيب خزانة الأدوية والإسعافات الأولية,فحص تواريخ الصلاحية وترتيب الأدوية والضمادات,خزانة الأدوية,شهريًا,الصحة، السلامة,41,معتمد مبدئيًا,Pasted text(49).txt
HOME-042,DOM-HOME,فحص طفاية الحريق وأجهزة الإنذار,التأكد من صلاحية الطفاية وعمل أجهزة الإنذار,جميع الغرف,نصف سنويًا,السلامة المنزلية,42,معتمد مبدئيًا,Pasted text(49).txt
HOME-043,DOM-HOME,تنظيف بالوعات الصرف والمصافي,إزالة الشعر والدهون من مصافي الحمام والمطبخ,الحمام/المطبخ,أسبوعيًا,الصيانة، النظافة,43,معتمد مبدئيًا,Pasted text(49).txt
HOME-044,DOM-HOME,ترتيب أدوات الحديقة والخارج,تنظيم أدوات الري والمقصات في المخزن أو الحديقة,الحديقة/المخزن,موسميًا,البيئة، الصيانة,44,معتمد مبدئيًا,Pasted text(49).txt
HOME-045,DOM-HOME,تغطية الأثاث في فصل الشتاء أو الصيف,وضع أغطية واقية على الأثاث الخارجي أو غير المستخدم,الشرفة/الحديقة,موسميًا,الصيانة، المناخ,45,معتمد مبدئيًا,Pasted text(49).txt
HOME-046,DOM-HOME,تنظيف السطح أو الروف الخارجي,إزالة الأتربة والمياه الراكدة من سطح المنزل,السطح,موسميًا,الصيانة، السلامة,46,معتمد مبدئيًا,Pasted text(49).txt
HOME-047,DOM-HOME,ترتيب خزانة المناشف والمفارش,طي المناشف وترتيب المفارش النظيفة في الخزانة,الحمام/المخزن,أسبوعيًا,النظافة المنزلية,47,معتمد مبدئيًا,Pasted text(49).txt
HOME-048,DOM-HOME,تغيير مناشف اليد والاستحمام,استبدال المناشف المستخدمة بأخرى نظيفة,الحمام,كل بضعة أيام,النظافة الشخصية,48,معتمد مبدئيًا,Pasted text(49).txt
HOME-049,DOM-HOME,تنظيف حوض الاستحمام أو الدش,غسل جوانب الحوض والدش وإزالة بقع الصابون والعفن,الحمام,أسبوعيًا,النظافة الشخصية,49,معتمد مبدئيًا,Pasted text(49).txt
HOME-050,DOM-HOME,تلميع صنابير الماء والخلاطات,إزالة البقع المائية والتكلس من صنابير الحمام والمطبخ,الحمام/المطبخ,أسبوعيًا,الصيانة، المظهر,50,معتمد مبدئيًا,Pasted text(49).txt
HOME-051,DOM-HOME,تنظيف جدران الحمام من العفن,فرك الجدران والفواصل بمادة مضادة للعفن,الحمام,موسميًا,الصحة، الصيانة,51,معتمد مبدئيًا,Pasted text(49).txt
HOME-052,DOM-HOME,ترتيب خزانة المؤن والبهارات,ترتيب علب البهارات والمؤن وإزالة الفارغة منها,المطبخ,شهريًا,إدارة المنزل,52,معتمد مبدئيًا,Pasted text(49).txt
HOME-053,DOM-HOME,فحص تاريخ صلاحية المنظفات والمواد المخزنة,مراجعة تواريخ الانتهاء على المنظفات والمؤن وإخراج الفاسد,المخزن/المطبخ,موسميًا,الصحة، السلامة,53,معتمد مبدئيًا,Pasted text(49).txt
HOME-054,DOM-HOME,ترتيب صندوق البريد والفواتير,جمع البريد وترتيب الفواتير والرسائل الهامة,المدخل/المكتب,يوميًا,الإدارة المالية,54,معتمد مبدئيًا,Pasted text(49).txt
HOME-055,DOM-HOME,دفع الفواتير المنزلية,سداد فواتير الكهرباء والماء والإنترنت والهاتف,المكتب/عبر الهاتف,شهريًا,الإدارة المالية,55,معتمد مبدئيًا,Pasted text(49).txt
HOME-056,DOM-HOME,ترتيب خزانة الوثائق الهامة,تنظيم عقود الإيجار والتأمين والشهادات في ملفات محددة,المكتب المنزلي,سنويًا,الإدارة المالية، التخطيط,56,معتمد مبدئيًا,Pasted text(49).txt
HOME-057,DOM-HOME,تجهيز حقيبة طوارئ منزلية,تجميع شموع وبطاريات وماء وأدوات إسعاف للحالات الطارئة,المخزن,سنويًا,السلامة المنزلية,57,معتمد مبدئيًا,Pasted text(49).txt
HOME-058,DOM-HOME,تنظيف أدوات التنظيف نفسها,غسل الممسحة والمكنسة وإسفنجة الحوض وتجفيفها,خزانة التنظيف,أسبوعيًا,النظافة المنزلية,58,معتمد مبدئيًا,Pasted text(49).txt
HOME-059,DOM-HOME,تغيير معطرات الجو والشموع,استبدال المعطرات الفارغة أو الشموع المنتهية في الغرف,جميع الغرف,شهريًا,الراحة النفسية,59,معتمد مبدئيًا,Pasted text(49).txt
HOME-060,DOM-HOME,تنظيف فلاتر التكييف المركزي,إزالة الغبار من فلاتر التكييف لتحسين جودة الهواء,فتحات التكييف,موسميًا,الصحة، الصيانة,60,معتمد مبدئيًا,Pasted text(49).txt
HOME-061,DOM-HOME,تزييت مفصلات الأبواب والأقفال,وضع زيت على مفصلات الأبواب لمنع الصرير,الأبواب,موسميًا,الصيانة,61,معتمد مبدئيًا,Pasted text(49).txt
HOME-062,DOM-HOME,تنظيف درج المدخل والسلالم,كنس ومسح درج المدخل الداخلي والسلالم,المدخل,يوميًا,النظافة المنزلية,62,معتمد مبدئيًا,Pasted text(49).txt
HOME-063,DOM-HOME,ترتيب غرفة الغسيل والكي,تنظيم المنظفات وسلال الغسيل وأدوات الكي في غرفة الغسيل,غرفة الغسيل,أسبوعيًا,الملابس، التنظيم,63,معتمد مبدئيًا,Pasted text(49).txt
HOME-064,DOM-HOME,تنظيف المجفف والغسالة من الداخل,تشغيل دورة تنظيف للغسالة وإزالة الوبر من المجفف,غرفة الغسيل,شهريًا,الصيانة، النظافة,64,معتمد مبدئيًا,Pasted text(49).txt
HOME-065,DOM-HOME,ترتيب أدوات السفر والتخزين,تنظيم الحقائب والشنط في المخزن بعد العودة من السفر,المخزن,بعد السفر,السفر، التنظيم,65,معتمد مبدئيًا,Pasted text(49).txt
HOME-066,DOM-HOME,تنظيف أرضية المدخل الخارجي,كنس ومسح أرضية المدخل الخارجي وإزالة الأتربة,خارج المنزل,أسبوعيًا,المظهر العام,66,معتمد مبدئيًا,Pasted text(49).txt
HOME-067,DOM-HOME,ترتيب خزانة الأحذية الرياضية والرسمية,فصل الأحذية حسب الاستخدام وترتيبها في الخزانة,المدخل/غرفة النوم,موسميًا,الملابس، التنظيم,67,معتمد مبدئيًا,Pasted text(49).txt
HOME-068,DOM-HOME,تنظيف أجهزة التكييف المنفصلة,غسل فلاتر المكيفات المنفصلة وإزالة الغبار من الوحدات الداخلية,الغرف,موسميًا,الصحة، الصيانة,68,معتمد مبدئيًا,Pasted text(49).txt
HOME-069,DOM-HOME,ترتيب أدوات الإضاءة الاحتياطية,ترتيب الشموع والكشافات والبطاريات في مكان معلوم,المخزن,موسميًا,السلامة المنزلية,69,معتمد مبدئيًا,Pasted text(49).txt
HOME-070,DOM-HOME,تنظيف خزانة الأدوات الكهربائية واليدوية,ترتيب المفكات والمطارق والأدوات في صندوق الأدوات,المخزن/المرآب,موسميًا,الصيانة,70,معتمد مبدئيًا,Pasted text(49).txt
HOME-071,DOM-HOME,إزالة العنكبوت والحشرات من الزوايا,إزالة الشباك العنكبوتية والحشرات من زوايا السقف والجدران,جميع الغرف,شهريًا,النظافة المنزلية,71,معتمد مبدئيًا,Pasted text(49).txt
HOME-072,DOM-HOME,ترتيب أدوات التخزين الموسمي,تخزين أو إخراج الأدوات الخاصة بالموسم (مثل المراوح أو الدفايات),المخزن,موسميًا,المناخ، التنظيم,72,معتمد مبدئيًا,Pasted text(49).txt
HOME-073,DOM-HOME,تنظيف المرآب أو الكراج,إزالة الأتربة من المرآب وترتيب أدوات السيارة والصيانة,المرآب,موسميًا,الصيانة، السيارة,73,معتمد مبدئيًا,Pasted text(49).txt
HOME-074,DOM-HOME,ترتيب أدوات العناية بالحيوانات الأليفة,تنظيم أدوات التنظيف والأكل والشرب للحيوانات في المنزل,الحديقة/الداخل,يوميًا,رعاية الحيوانات,74,معتمد مبدئيًا,Pasted text(49).txt
HOME-075,DOM-HOME,تنظيف أقفاص أو مناطق الحيوانات الأليفة,غسل القفص أو منطقة النوم للحيوانات الأليفة,الداخل/الخارج,أسبوعيًا,رعاية الحيوانات,75,معتمد مبدئيًا,Pasted text(49).txt
HOME-076,DOM-HOME,ترتيب خزانة الإكسسوارات والمجوهرات,تنظيم المجوهرات والساعات والنظارات في علبها المخصصة,غرفة النوم,شهريًا,المظهر الشخصي,76,معتمد مبدئيًا,Pasted text(49).txt
HOME-077,DOM-HOME,تنظيف أجهزة التحكم عن بعد والهواتف المنزلية,تطهير الريموتات والهواتف الأرضية من البكتيريا والغبار,غرفة المعيشة,أسبوعيًا,الصحة,77,معتمد مبدئيًا,Pasted text(49).txt
HOME-078,DOM-HOME,ترتيب خزانة أدوات التجميل والعناية الشخصية,تنظيم منتجات العناية بالبشرة والشعر في الحمام أو غرفة النوم,الحمام/غرفة النوم,شهريًا,النظافة الشخصية,78,معتمد مبدئيًا,Pasted text(49).txt
HOME-079,DOM-HOME,تغيير ستائر الحمام أو غرفة النوم,استبدال الستائر القديمة أو المتسخة بأخرى نظيفة,الحمام/غرفة النوم,موسميًا,النظافة المنزلية,79,معتمد مبدئيًا,Pasted text(49).txt
HOME-080,DOM-HOME,تنظيف أرضية الشرفة الخارجية,غسل أرضية الشرفة بالماء والمنظفات وإزالة البقع,الشرفة,شهريًا,النظافة المنزلية,80,معتمد مبدئيًا,Pasted text(49).txt
HOME-081,DOM-HOME,ترتيب أدوات التدفئة أو التبريد الموسمية,تخزين الدفايات أو المراوح مع تغير الفصول,المخزن,موسميًا,المناخ، التنظيم,81,معتمد مبدئيًا,Pasted text(49).txt
HOME-082,DOM-HOME,تنظيف فلاتر شفاط المطبخ,إزالة الدهون والغبار من فلاتر الشفاط,المطبخ,شهريًا,الصيانة، النظافة,82,معتمد مبدئيًا,Pasted text(49).txt
HOME-083,DOM-HOME,ترتيب خزانة أدوات الأطفال والرضع,تنظيم الحفاضات والمناديل وأدوات الاستحمام الخاصة بالأطفال,غرفة الأطفال,يوميًا,رعاية الطفل,83,معتمد مبدئيًا,Pasted text(49).txt
HOME-084,DOM-HOME,تنظيف كرسي الأطفال أو كرسي السيارة,غسل كرسي الطعام أو كرسي السيارة للأطفال من البقايا,غرفة الأطفال/السيارة,أسبوعيًا,رعاية الطفل,84,معتمد مبدئيًا,Pasted text(49).txt
HOME-085,DOM-HOME,ترتيب خزانة الألعاب والأنشطة,وضع الألعاب في صناديقها وترتيب ألعاب الأطفال حسب النوع,غرفة الأطفال/المعيشة,يوميًا,رعاية الطفل,85,معتمد مبدئيًا,Pasted text(49).txt
HOME-086,DOM-HOME,تنظيف أرضية المطبخ من الدهون,غسل أرضية المطبخ بمنظف قوي لإزالة الدهون المتراكمة,المطبخ,أسبوعيًا,النظافة المنزلية,86,معتمد مبدئيًا,Pasted text(49).txt
HOME-087,DOM-HOME,ترتيب خزانة البلاستيك والتفال,ترتيب علب الطعام البلاستيكية وأغطيتها في الخزانة,المطبخ,شهريًا,إدارة المنزل,87,معتمد مبدئيًا,Pasted text(49).txt
HOME-088,DOM-HOME,تنظيف وتعقيم مقابض الأبواب والمفاتيح,مسح جميع مقابض الأبواب والمفاتيح بمطهر,جميع الغرف,أسبوعيًا,الصحة,88,معتمد مبدئيًا,Pasted text(49).txt
HOME-089,DOM-HOME,ترتيب أدوات الضيافة والضيوف,تنظيم أكواب الضيافة والصواني في الخزانة المخصصة,المطبخ/المدخل,عند الحاجة,الضيافة,89,معتمد مبدئيًا,Pasted text(49).txt
HOME-090,DOM-HOME,تنظيف خزانة الملابس من الداخل,مسح أرضية ورفوف خزانة الملابس من الغبار والأتربة,غرفة النوم,موسميًا,النظافة المنزلية,90,معتمد مبدئيًا,Pasted text(49).txt
HOME-091,DOM-HOME,تغيير غطاء الوسائد واللحاف,استبدال أغطية الوسائد واللحاف بأخرى نظيفة,غرفة النوم,موسميًا,النظافة الشخصية,91,معتمد مبدئيًا,Pasted text(49).txt
HOME-092,DOM-HOME,تنظيف أدراج المطبخ والخزائن من الداخل,إفراغ الأدراج ومسحها من الفتات والبقع,المطبخ,موسميًا,النظافة المنزلية,92,معتمد مبدئيًا,Pasted text(49).txt
HOME-093,DOM-HOME,ترتيب خزانة المناديل والورقيات,ترتيب مناديل الوجه والورق الصحي في أماكن التخزين,المخزن/الحمام,شهريًا,إدارة المنزل,93,معتمد مبدئيًا,Pasted text(49).txt
HOME-094,DOM-HOME,تنظيف أدوات التهوية والشفاطات,إزالة الغبار من فتحات التهوية وشفاطات الحمام,الحمام/المطبخ,موسميًا,الصحة، الصيانة,94,معتمد مبدئيًا,Pasted text(49).txt
HOME-095,DOM-HOME,ترتيب خزانة المفارش والبطانيات,طي البطانيات الموسمية وترتيب المفارش الإضافية,المخزن,موسميًا,التنظيم,95,معتمد مبدئيًا,Pasted text(49).txt
HOME-096,DOM-HOME,تنظيف أرضية غرفة النوم بالمكنسة,كنس ومسح أرضية غرفة النوم بشكل منفصل,غرفة النوم,أسبوعيًا,النظافة المنزلية,96,معتمد مبدئيًا,Pasted text(49).txt
HOME-097,DOM-HOME,ترتيب أدوات الصيانة المنزلية (السباكة والكهرباء),تنظيم أدوات إصلاح المواسير والكهرباء في صندوق مخصص,المخزن/المرآب,موسميًا,الصيانة,97,معتمد مبدئيًا,Pasted text(49).txt
HOME-098,DOM-HOME,تنظيف جدران المطبخ من البقع الدهنية,مسح جدران المطبخ بالقرب من الموقد لإزالة الدهون,المطبخ,أسبوعيًا,النظافة المنزلية,98,معتمد مبدئيًا,Pasted text(49).txt
HOME-099,DOM-HOME,ترتيب خزانة الأحذية الخارجية والرياضية,تنظيم الأحذية الرياضية والخارجية في الخزانة المخصصة,المدخل,موسميًا,التنظيم,99,معتمد مبدئيًا,Pasted text(49).txt
HOME-100,DOM-HOME,إعادة تدوير النفايات المنزلية (فصل البلاستيك والورق),فصل النفايات القابلة لإعادة التدوير في حاويات مخصصة,المطبخ/الخارج,يوميًا,البيئة,100,معتمد مبدئيًا,Pasted text(49).txt
SHOP-001,DOM-SHOP,إعداد قائمة المشتريات,كتابة قائمة بالمواد المطلوب شراؤها من المتجر,المنزل,قبل التسوق,إدارة المنزل، الميزانية,1,معتمد مبدئيًا,Pasted text(51).txt
SHOP-002,DOM-SHOP,مراجعة المواد الناقصة في المنزل,فحص المخزن والثلاجة لتحديد ما ينفد أو نفد بالفعل,المنزل,قبل التسوق,إدارة المنزل، المطبخ,2,معتمد مبدئيًا,Pasted text(51).txt
SHOP-003,DOM-SHOP,مراجعة الميزانية المتاحة للتسوق,التحقق من المبلغ المخصص للتسوق في الميزانية المنزلية,المنزل,قبل التسوق,الإدارة المالية، الميزانية,3,معتمد مبدئيًا,Pasted text(51).txt
SHOP-004,DOM-SHOP,الذهاب إلى السوبرماركت,التنقل إلى السوبرماركت أو المركز التجاري للقيام بالتسوق,الطريق/السوبرماركت,أسبوعيًا,التنقل، إدارة المنزل,4,معتمد مبدئيًا,Pasted text(51).txt
SHOP-005,DOM-SHOP,التسوق من قسم الخضار والفواكه,اختيار وشراء الخضار والفواكه الطازجة من الرفوف,السوبرماركت/السوق,أسبوعيًا,المطبخ، الصحة,5,معتمد مبدئيًا,Pasted text(51).txt
SHOP-006,DOM-SHOP,شراء اللحوم والدواجن من قسم اللحوم,اختيار وشراء اللحوم أو الدواجن الطازجة أو المجمدة,السوبرماركت/محل الجزار,أسبوعيًا,المطبخ، الصحة,6,معتمد مبدئيًا,Pasted text(51).txt
SHOP-007,DOM-SHOP,شراء المخبوزات من قسم الخبز,اختيار وشراء الخبز والمعجنات من رفوف الخبز,السوبرماركت/المخبز,يوميًا/أسبوعيًا,المطبخ,7,معتمد مبدئيًا,Pasted text(51).txt
SHOP-008,DOM-SHOP,شراء المنتجات المجمدة,اختيار وشراء الأطعمة المجمدة من الفريزرات المفتوحة,السوبرماركت,أسبوعيًا,المطبخ، إدارة المنزل,8,معتمد مبدئيًا,Pasted text(51).txt
SHOP-009,DOM-SHOP,شراء المواد المعلبة والجافة,اختيار وشراء الأرز والمعكرونة والمعلبات والبقوليات,السوبرماركت,شهريًا,المطبخ، إدارة المنزل,9,معتمد مبدئيًا,Pasted text(51).txt
SHOP-010,DOM-SHOP,شراء المنظفات ومواد التنظيف,اختيار وشراء المنظفات والمطهرات وورق التواليت,السوبرماركت/المتجر,شهريًا,النظافة المنزلية، إدارة المنزل,10,معتمد مبدئيًا,Pasted text(51).txt
SHOP-011,DOM-SHOP,شراء مستلزمات العناية الشخصية,اختيار وشراء الشامبو والصابون ومعجون الأسنان والمناديل,السوبرماركت/الصيدلية,شهريًا,النظافة الشخصية، الصحة,11,معتمد مبدئيًا,Pasted text(51).txt
SHOP-012,DOM-SHOP,التسوق من الصيدلية,شراء الأدوية والمكملات الغذائية والمستحضرات الطبية,الصيدلية,عند الحاجة,الصحة,12,معتمد مبدئيًا,Pasted text(51).txt
SHOP-013,DOM-SHOP,شراء مستلزمات الرضع والأطفال,شراء الحفاضات والرضاعات والمواد الخاصة بالأطفال,السوبرماركت/متجر الأطفال,شهريًا,رعاية الطفل,13,معتمد مبدئيًا,Pasted text(51).txt
SHOP-014,DOM-SHOP,شراء الملابس من المتجر,اختيار وشراء الملابس الجديدة من متجر الملابس,المتجر/السوق,موسميًا,الملابس، المظهر الشخصي,14,معتمد مبدئيًا,Pasted text(51).txt
SHOP-015,DOM-SHOP,شراء الأحذية,اختيار وشراء أحذية جديدة من متجر الأحذية,متجر الأحذية,موسميًا,الملابس، المظهر الشخصي,15,معتمد مبدئيًا,Pasted text(51).txt
SHOP-016,DOM-SHOP,شراء الإكسسوارات والحقائب,اختيار وشراء الحزام أو الحقيبة أو المجوهرات,المتجر/السوق,موسميًا,الملابس، المظهر الشخصي,16,معتمد مبدئيًا,Pasted text(51).txt
SHOP-017,DOM-SHOP,شراء الأدوات المنزلية والمطبخية,شراء أدوات طبخ أو أواني أو أدوات منزلية جديدة,متجر المنزل/السوبرماركت,عند الحاجة,إدارة المنزل، المطبخ,17,معتمد مبدئيًا,Pasted text(51).txt
SHOP-018,DOM-SHOP,شراء الأثاث,اختيار وشراء قطع أثاث جديدة للمنزل,معرض الأثاث,عند الحاجة,إدارة المنزل، الميزانية,18,معتمد مبدئيًا,Pasted text(51).txt
SHOP-019,DOM-SHOP,شراء الأجهزة الإلكترونية,اختيار وشراء تلفاز أو هاتف أو جهاز كهربائي كبير,متجر الإلكترونيات,عند الحاجة,الترفيه، العمل، الميزانية,19,معتمد مبدئيًا,Pasted text(51).txt
SHOP-020,DOM-SHOP,شراء مستلزمات المدرسة والمكتب,شراء دفاتر وأقلام وحقائب مدرسية وأدوات مكتبية,المكتبة/متجر القرطاسية,سنويًا,التعليم، النمو والتطور,20,معتمد مبدئيًا,Pasted text(51).txt
SHOP-021,DOM-SHOP,شراء الأدوات الرياضية,شراء كرة أو حذاء رياضي أو أدوات تمارين منزلية,متجر الرياضة,عند الحاجة,الرياضة، الصحة,21,معتمد مبدئيًا,Pasted text(51).txt
SHOP-022,DOM-SHOP,شراء الألعاب والهدايا,اختيار وشراء ألعاب أو هدايا للأطفال أو المناسبات الاجتماعية,متجر الألعاب/الهدايا,عند المناسبات,العلاقات الاجتماعية، رعاية الطفل,22,معتمد مبدئيًا,Pasted text(51).txt
SHOP-023,DOM-SHOP,شراء مستلزمات الحديقة والنباتات,شراء تربة أو بذور أو أدوات ري أو أوعية للنباتات,مشتل/متجر الحديقة,موسميًا,البيئة، إدارة المنزل,23,معتمد مبدئيًا,Pasted text(51).txt
SHOP-024,DOM-SHOP,شراء مواد البناء والصيانة,شراء طلاء أو مسامير أو أدوات إصلاح بسيطة,متجر مواد البناء,عند الحاجة,الصيانة، إدارة المنزل,24,معتمد مبدئيًا,Pasted text(51).txt
SHOP-025,DOM-SHOP,شراء قطع غيار وإكسسوارات السيارة,شراء زيت أو فلتر أو إكسسوارات للسيارة,محل قطع الغيار,عند الحاجة,السيارة، التنقل,25,معتمد مبدئيًا,Pasted text(51).txt
SHOP-026,DOM-SHOP,التسوق من مركز تجاري كبير,التنقل والتسوق في المركز التجاري متعدد الأقسام والمتاجر,المركز التجاري,موسميًا,الترفيه، الملابس، المظهر,26,معتمد مبدئيًا,Pasted text(51).txt
SHOP-027,DOM-SHOP,التسوق من جمعية تعاونية,الشراء من الجمعية التعاونية المحلية القريبة,الجمعية التعاونية,أسبوعيًا,إدارة المنزل، المجتمع,27,معتمد مبدئيًا,Pasted text(51).txt
SHOP-028,DOM-SHOP,التسوق من البقالة أو المحل الصغير,شراء احتياجات يومية سريعة من البقالة القريبة,البقالة/المحل,يوميًا,إدارة المنزل، المطبخ,28,معتمد مبدئيًا,Pasted text(51).txt
SHOP-029,DOM-SHOP,التسوق من متجر متخصص,الشراء من متجر يبيع صنفاً واحداً فقط كالعطور أو الكتب,المتجر المتخصص,عند الحاجة,حسب النوع,29,معتمد مبدئيًا,Pasted text(51).txt
SHOP-030,DOM-SHOP,التسوق من منفذ بيع المصنع,الشراء من متاجر Outlet أو بيع المصنع بأسعار مخفضة,منفذ البيع,موسميًا,الملابس، الميزانية,30,معتمد مبدئيًا,Pasted text(51).txt
SHOP-031,DOM-SHOP,التسوق من سوق الخضار المركزي,شراء الخضار والفواكه بكميات كبيرة من السوق المركزي,سوق الخضار,أسبوعيًا,المطبخ، الميزانية,31,معتمد مبدئيًا,Pasted text(51).txt
SHOP-032,DOM-SHOP,التسوق من سوق السمك,شراء الأسماك الطازجة من سوق السمك أو قسم الأسماك,سوق السمك,أسبوعيًا,المطبخ، الصحة,32,معتمد مبدئيًا,Pasted text(51).txt
SHOP-033,DOM-SHOP,التسوق من المخبز المحلي,شراء الخبز العربي أو الفرنسي الطازج من مخبز الحي,المخبز,يوميًا/أسبوعيًا,المطبخ,33,معتمد مبدئيًا,Pasted text(51).txt
SHOP-034,DOM-SHOP,التسوق من محل الجزار المستقل,شراء اللحوم الطازجة من محل الجزار خارج السوبرماركت,محل الجزار,أسبوعيًا,المطبخ، الصحة,34,معتمد مبدئيًا,Pasted text(51).txt
SHOP-035,DOM-SHOP,التسوق من بائع متجول أو سوق شعبي,شراء منتجات من بائعين متجولين أو أسواق شعبية,السوق/الشارع,موسميًا,المجتمع، الميزانية,35,معتمد مبدئيًا,Pasted text(51).txt
SHOP-036,DOM-SHOP,اختيار المنتجات من الرفوف,قراءة المنتجات واختيار ما يناسب من الرفوف المعروضة,المتجر,أسبوعيًا,إدارة المنزل,36,معتمد مبدئيًا,Pasted text(51).txt
SHOP-037,DOM-SHOP,قراءة ملصقات المكونات والتغذية,قراءة المعلومات الغذائية والمكونات على الملصق قبل الشراء,المتجر,أسبوعيًا,الصحة، المطبخ,37,معتمد مبدئيًا,Pasted text(51).txt
SHOP-038,DOM-SHOP,التحقق من تاريخ الصلاحية,التأكد من تاريخ الانتهاء على المنتجات الغذائية والمعلبات,المتجر,أسبوعيًا,الصحة، إدارة المنزل,38,معتمد مبدئيًا,Pasted text(51).txt
SHOP-039,DOM-SHOP,مقارنة الأسعار بين الماركات,مقارنة سعر المنتجات بين ماركات مختلفة على نفس الرف,المتجر,أسبوعيًا,الميزانية، إدارة المنزل,39,معتمد مبدئيًا,Pasted text(51).txt
SHOP-040,DOM-SHOP,مقارنة الأسعار بين المتاجر,زيارة متاجر مختلفة للمقارنة قبل اتخاذ قرار الشراء,عدة متاجر,عند الحاجة,الميزانية، إدارة المنزل,40,معتمد مبدئيًا,Pasted text(51).txt
SHOP-041,DOM-SHOP,استخدام عربة التسوق الكبيرة,جذب ودفع عربة التسوق داخل المتجر للمشتريات الكثيرة,المتجر,أسبوعيًا,إدارة المنزل,41,معتمد مبدئيًا,Pasted text(51).txt
SHOP-042,DOM-SHOP,حمل سلة التسوق اليدوية,حمل السلة اليدوية للتسوق السريع بعدد قليل من المنتجات,المتجر,يوميًا,إدارة المنزل,42,معتمد مبدئيًا,Pasted text(51).txt
SHOP-043,DOM-SHOP,وزن المنتجات الطازجة,وضع الخضار والفواكه على الميزان لتحديد السعر قبل التعبئة,المتجر,أسبوعيًا,المطبخ، الميزانية,43,معتمد مبدئيًا,Pasted text(51).txt
SHOP-044,DOM-SHOP,طلب المساعدة من موظف المتجر,سؤال أحد الموظفين عن مكان منتج أو توفره أو نوعيته,المتجر,عند الحاجة,التواصل، إدارة المنزل,44,معتمد مبدئيًا,Pasted text(51).txt
SHOP-045,DOM-SHOP,تجربة الملابس في غرفة القياس,دخول غرفة القياس لتجربة الملابس أو الأحذية قبل الشراء,متجر الملابس,موسميًا,الملابس، المظهر الشخصي,45,معتمد مبدئيًا,Pasted text(51).txt
SHOP-046,DOM-SHOP,استخدام كوبونات الخصم أو العروض,تقديم كوبون خصم أو استخدام عرض ترويجي عند الدفع,المتجر,عند الحاجة,الميزانية,46,معتمد مبدئيًا,Pasted text(51).txt
SHOP-047,DOM-SHOP,التحقق من نقاط الولاء,الاستعلام عن نقاط برنامج الولاء واستخدامها للخصم,المتجر,أسبوعيًا,الميزانية,47,معتمد مبدئيًا,Pasted text(51).txt
SHOP-048,DOM-SHOP,الوقوف في طابور المحاسبة,الانتظار في الصف أمام الكاشير لدفع قيمة المشتريات,المتجر,أسبوعيًا,إدارة المنزل,48,معتمد مبدئيًا,Pasted text(51).txt
SHOP-049,DOM-SHOP,وضع المنتجات على حزام المحاسبة,نقل المنتجات من العربة إلى حزام الكاشير للمسح,المتجر,أسبوعيًا,إدارة المنزل,49,معتمد مبدئيًا,Pasted text(51).txt
SHOP-050,DOM-SHOP,تعبئة المشتريات في أكياس,وضع المنتجات المدفوعة في أكياس التغليف الورقية أو البلاستيكية,المتجر,أسبوعيًا,إدارة المنزل,50,معتمد مبدئيًا,Pasted text(51).txt
SHOP-051,DOM-SHOP,الدفع نقداً,دفع قيمة المشتريات بالعملة الورقية والمعدنية للكاشير,المتجر,أسبوعيًا,الإدارة المالية,51,معتمد مبدئيًا,Pasted text(51).txt
SHOP-052,DOM-SHOP,الدفع ببطاقة الصراف أو الائتمان,السحب من البطاقة البنكية لدفع قيمة المشتريات,المتجر,أسبوعيًا,الإدارة المالية,52,معتمد مبدئيًا,Pasted text(51).txt
SHOP-053,DOM-SHOP,الدفع عبر المحفظة الرقمية,استخدام الهاتف والمحفظة الإلكترونية للمسح والدفع,المتجر,أسبوعيًا,التواصل الرقمي، الإدارة المالية,53,معتمد مبدئيًا,Pasted text(51).txt
SHOP-054,DOM-SHOP,استخدام ماكينة الخروج الذاتي,مسح وتعبئة المنتجات في ماكينة الدفع الذاتي دون كاشير,المتجر,عند الحاجة,التواصل الرقمي، إدارة المنزل,54,معتمد مبدئيًا,Pasted text(51).txt
SHOP-055,DOM-SHOP,طلب فاتورة رسمية,طلب فاتورة ضريبية أو رسمية للمشتريات من الكاشير,المتجر,عند الحاجة,الإدارة المالية,55,معتمد مبدئيًا,Pasted text(51).txt
SHOP-056,DOM-SHOP,حمل المشتريات من المتجر,حمل الأكياس والصناديق من الكاشير إلى خارج المتجر,المتجر,أسبوعيًا,إدارة المنزل,56,معتمد مبدئيًا,Pasted text(51).txt
SHOP-057,DOM-SHOP,نقل المشتريات إلى صندوق السيارة,وضع الأكياس والصناديق في صندوق السيارة,موقف السيارات,أسبوعيًا,التنقل، إدارة المنزل,57,معتمد مبدئيًا,Pasted text(51).txt
SHOP-058,DOM-SHOP,ترتيب المشتريات في السيارة,ترتيب المشتريات داخل السيارة لتجنب الانهيار أو التلف,السيارة,أسبوعيًا,التنقل، إدارة المنزل,58,معتمد مبدئيًا,Pasted text(51).txt
SHOP-059,DOM-SHOP,إخراج المشتريات من السيارة,نقل المشتريات من صندوق السيارة إلى خارجها,موقف المنزل,أسبوعيًا,إدارة المنزل,59,معتمد مبدئيًا,Pasted text(51).txt
SHOP-060,DOM-SHOP,إدخال المشتريات إلى المنزل,حمل المشتريات من الباب إلى داخل المنزل,المنزل,أسبوعيًا,إدارة المنزل,60,معتمد مبدئيًا,Pasted text(51).txt
SHOP-061,DOM-SHOP,تفريغ محتويات الأكياس,إخراج المنتجات من أكياس التسوق وفرزها,المنزل,أسبوعيًا,إدارة المنزل,61,معتمد مبدئيًا,Pasted text(51).txt
SHOP-062,DOM-SHOP,التخلص من الأكياس والأغلفة البلاستيكية,طي الأكياس أو رمي الأغلفة والتغليف في القمامة,المنزل,أسبوعيًا,البيئة، إدارة المنزل,62,معتمد مبدئيًا,Pasted text(51).txt
SHOP-063,DOM-SHOP,ترتيب المشتريات في الثلاجة,وضع المنتجات الباردة والسريعة التلف في أماكنها داخل الثلاجة,المطبخ,أسبوعيًا,المطبخ، إدارة المنزل,63,معتمد مبدئيًا,Pasted text(51).txt
SHOP-064,DOM-SHOP,ترتيب المشتريات في المخزن,وضع المواد الجافة والمعلبة في الخزائن أو المخزن المنزلي,المطبخ/المخزن,أسبوعيًا,المطبخ، إدارة المنزل,64,معتمد مبدئيًا,Pasted text(51).txt
SHOP-065,DOM-SHOP,تخزين المنظفات في مكانها المخصص,وضع المنظفات في خزانة التنظيف بعيداً عن متناول الأطفال,خزانة التنظيف,شهريًا,النظافة المنزلية، السلامة,65,معتمد مبدئيًا,Pasted text(51).txt
SHOP-066,DOM-SHOP,تخزين العناية الشخصية في الحمام,وضع الشامبو والصابون ومعجون الأسنان في أماكنها بالحمام,الحمام,شهريًا,النظافة الشخصية,66,معتمد مبدئيًا,Pasted text(51).txt
SHOP-067,DOM-SHOP,تعليق الملابس الجديدة في الخزانة,وضع الملابس المشتراة في الخزانة بعد إزالة الأوساخ,غرفة النوم,موسميًا,الملابس، التنظيم,67,معتمد مبدئيًا,Pasted text(51).txt
SHOP-068,DOM-SHOP,مراجعة الفاتورة والإيصالات,التحقق من صحة المبالغ والمنتجات المسجلة على الفاتورة,المنزل,بعد التسوق,الإدارة المالية,68,معتمد مبدئيًا,Pasted text(51).txt
SHOP-069,DOM-SHOP,تسجيل المصروفات في ميزانية المنزل,كتابة المبلغ المنفق في سجل الميزانية أو التطبيق,المنزل,بعد التسوق,الإدارة المالية، الميزانية,69,معتمد مبدئيًا,Pasted text(51).txt
SHOP-070,DOM-SHOP,حفظ الإيصالات للضمان أو الاستبدال,وضع الإيصالات في ملف مخصص للرجوع إليها لاحقاً,المنزل,بعد التسوق,الإدارة المالية، الصيانة,70,معتمد مبدئيًا,Pasted text(51).txt
SHOP-071,DOM-SHOP,التسوق الإلكتروني عبر موقع أو تطبيق,تصفح المتجر الرقمي واختيار المنتجات عبر الإنترنت,المنزل,شهريًا,التواصل الرقمي، إدارة المنزل,71,معتمد مبدئيًا,Pasted text(51).txt
SHOP-072,DOM-SHOP,إضافة منتجات إلى سلة التسوق الرقمية,اختيار المنتجات وإضافتها إلى السلة في التطبيق أو الموقع,المنزل,شهريًا,التواصل الرقمي,72,معتمد مبدئيًا,Pasted text(51).txt
SHOP-073,DOM-SHOP,البحث عن مراجعات المنتجات قبل الشراء,قراءة تقييمات المشترين السابقين على المنتج الرقمي,المنزل,عند الحاجة,التواصل الرقمي، إدارة المنزل,73,معتمد مبدئيًا,Pasted text(51).txt
SHOP-074,DOM-SHOP,إضافة منتج إلى قائمة الأمنيات,حفظ منتج للشراء لاحقاً في قائمة الأمنيات الإلكترونية,المنزل,عند الحاجة,التواصل الرقمي,74,معتمد مبدئيًا,Pasted text(51).txt
SHOP-075,DOM-SHOP,إتمام عملية الشراء الإلكترونية,إدخال بيانات الدفع وتأكيد الطلب عبر الإنترنت,المنزل,شهريًا,التواصل الرقمي، الإدارة المالية,75,معتمد مبدئيًا,Pasted text(51).txt
SHOP-076,DOM-SHOP,اختيار طريقة الشحن,اختيار بين الشحن السريع أو العادي أو الاستلام من المتجر,المنزل,عند الشراء,التواصل الرقمي، التنقل,76,معتمد مبدئيًا,Pasted text(51).txt
SHOP-077,DOM-SHOP,تتبع حالة الطلبية عبر الإنترنت,مراجعة حالة الشحن والموقع الحالي للطلبية عبر التطبيق,المنزل,بعد الشراء,التواصل الرقمي,77,معتمد مبدئيًا,Pasted text(51).txt
SHOP-078,DOM-SHOP,استلام إشعار وصول الطلبية,تلقي رسالة نصية أو بريد إلكتروني بتوفر الطلبية للاستلام,المنزل/الهاتف,عند الوصول,التواصل الرقمي,78,معتمد مبدئيًا,Pasted text(51).txt
SHOP-079,DOM-SHOP,استلام طلبية منزلية من مندوب التوصيل,استقبال مندوب التوصيل وتسلم الطلبية عند باب المنزل,مدخل المنزل,شهريًا,التواصل الرقمي، إدارة المنزل,79,معتمد مبدئيًا,Pasted text(51).txt
SHOP-080,DOM-SHOP,فحص المنتجات عند الاستلام,التحقق من سلامة المنتجات ومطابقتها للطلب عند التسلم,مدخل المنزل,عند الاستلام,إدارة المنزل، الصحة,80,معتمد مبدئيًا,Pasted text(51).txt
SHOP-081,DOM-SHOP,الدفع عند الاستلام,تسليم المبلغ نقداً أو بالبطاقة لمندوب التوصيل عند الباب,مدخل المنزل,عند الاستلام,الإدارة المالية,81,معتمد مبدئيًا,Pasted text(51).txt
SHOP-082,DOM-SHOP,التوقيع على إيصال استلام الطلبية,توقيع ورقة إثبات استلام الطلبية من مندوب التوصيل,مدخل المنزل,عند الاستلام,الإدارة المالية,82,معتمد مبدئيًا,Pasted text(51).txt
SHOP-083,DOM-SHOP,إعادة منتج إلى المتجر,العودة بالمنتج إلى المتجر الفعلي لإرجاعه,المتجر,عند الحاجة,الإدارة المالية,83,معتمد مبدئيًا,Pasted text(51).txt
SHOP-084,DOM-SHOP,استبدال منتج بمقاس أو لون مختلف,طلب تبديل المنتج بنفس النوع بمقاس أو لون أو عطر آخر,المتجر,عند الحاجة,الملابس/حسب النوع,84,معتمد مبدئيًا,Pasted text(51).txt
SHOP-085,DOM-SHOP,إرجاع منتج عبر التوصيل,طلب مندوب لاستلام منتج مرتجع من عنوان المنزل,المنزل,عند الحاجة,التواصل الرقمي، الإدارة المالية,85,معتمد مبدئيًا,Pasted text(51).txt
SHOP-086,DOM-SHOP,استرداد المبلغ المدفوع,استلام المبلغ النقدي أو إعادته للبطاقة بعد إرجاع المنتج,المتجر/البنك,عند الإرجاع,الإدارة المالية,86,معتمد مبدئيًا,Pasted text(51).txt
SHOP-087,DOM-SHOP,استلام رصيد متجر بدل المبلغ,الحصول على قسيمة شراء أو رصيد في المتجر بدل النقد,المتجر,عند الإرجاع,الإدارة المالية,87,معتمد مبدئيًا,Pasted text(51).txt
SHOP-088,DOM-SHOP,طلب صيانة أو ضمان للمنتج,التواصل مع المتجر لتفعيل الضمان أو طلب الصيانة,المتجر/الهاتف,عند العطل,الصيانة، الإدارة المالية,88,معتمد مبدئيًا,Pasted text(51).txt
SHOP-089,DOM-SHOP,الشراء بالتقسيط أو الدفع لاحقاً,استخدام خدمة تقسيط أو شراء الآن ادفع لاحقاً للمنتج,المتجر/الإنترنت,عند الحاجة,الإدارة المالية، الميزانية,89,معتمد مبدئيًا,Pasted text(51).txt
SHOP-090,DOM-SHOP,الشراء بالجملة لتوفير المال,شراء كميات كبيرة بسعر أقل للاستهلاك المطول,الجملة/السوق,شهريًا,الميزانية، إدارة المنزل,90,معتمد مبدئيًا,Pasted text(51).txt
SHOP-091,DOM-SHOP,تقسيم المشتريات بالجملة إلى أجزاء,تقسيم الكميات الكبيرة إلى عبوات أو حصص أصغر للاستخدام,المنزل,بعد الشراء,المطبخ، إدارة المنزل,91,معتمد مبدئيًا,Pasted text(51).txt
SHOP-092,DOM-SHOP,الشراء من بائع عبر وسائل التواصل الاجتماعي,طلب منتج من بائع على إنستغرام أو واتساب أو سناب,الهاتف/المنزل,عند الحاجة,التواصل الرقمي، المجتمع,92,معتمد مبدئيًا,Pasted text(51).txt
SHOP-093,DOM-SHOP,الشراء عبر تطبيقات توصيل الطعام,طلب طعام جاهز أو بقالة عبر تطبيقات التوصيل السريع,الهاتف/المنزل,أسبوعيًا,المطبخ، التواصل الرقمي,93,معتمد مبدئيًا,Pasted text(51).txt
SHOP-094,DOM-SHOP,الشراء من آلة البيع الآلية,شراء مشروب أو وجبة خفيفة أو منتج صغير من آلة البيع,المدرسة/المكتب/الشارع,عند الحاجة,التغذية، التنقل,94,معتمد مبدئيًا,Pasted text(51).txt
SHOP-095,DOM-SHOP,شراء وقود السيارة,تعبئة البنزين أو الديزل في خزان السيارة من المحطة,محطة الوقود,أسبوعيًا,السيارة، التنقل,95,معتمد مبدئيًا,Pasted text(51).txt
SHOP-096,DOM-SHOP,شراء تذاكر موقف أو مواصلات,شراء تذكرة وقوف أو تذاكر النقل العام أو المترو,الموقف/الشارع,عند الحاجة,التنقل، الميزانية,96,معتمد مبدئيًا,Pasted text(51).txt
SHOP-097,DOM-SHOP,شراء بطاقات شحن أو هدايا,شراء بطاقة شحن هاتف أو بطاقة هدايا من المتجر أو البقالة,المتجر/البقالة,شهريًا,التواصل الرقمي، العلاقات الاجتماعية,97,معتمد مبدئيًا,Pasted text(51).txt
SHOP-098,DOM-SHOP,استلام طلبية من نقطة استلام محددة,الذهاب لاستلام طلبية من خزانة أو متجر شريك محدد,نقطة الاستلام,عند الشراء,التواصل الرقمي، التنقل,98,معتمد مبدئيًا,Pasted text(51).txt
SHOP-099,DOM-SHOP,التبرع بمشتريات في نقاط التبرع بالمتجر,وضع منتجات في صناديق التبرع المخصصة داخل المتجر,المتجر,عند الحاجة,المجتمع والتطوع,99,معتمد مبدئيًا,Pasted text(51).txt
SHOP-100,DOM-SHOP,شراء منتجات موسمية (رمضان/العيد),شراء حلويات ومواد خاصة بالمناسبات الموسمية والأعياد,المتجر/السوق,موسميًا,المجتمع والثقافة، الدين,100,معتمد مبدئيًا,Pasted text(51).txt
SHOP-101,DOM-SHOP,شراء مستلزمات الحفلات والمناسبات,شراء بالونات وشموع وأدوات تزيين للحفلات والولائم,متجر الحفلات,عند المناسبات,العلاقات الاجتماعية,101,معتمد مبدئيًا,Pasted text(51).txt
SHOP-102,DOM-SHOP,شراء ماء معبأ أو جالونات,شراء قناني ماء كبيرة أو جالونات للشرب أو الضيافة,البقالة/المتجر,شهريًا,الصحة، إدارة المنزل,102,معتمد مبدئيًا,Pasted text(51).txt
SHOP-103,DOM-SHOP,شراء أو استبدال أنبوبة غاز منزلية,استبدال أو شراء أنبوبة غاز للطبخ المنزلي,محل الغاز,شهريًا,المطبخ، السلامة,103,معتمد مبدئيًا,Pasted text(51).txt
SHOP-104,DOM-SHOP,شراء مستلزمات الحيوانات الأليفة,شراء طعام أو أدوات نظافة أو ألعاب للحيوانات الأليفة,متجر الحيوانات/البقالة,شهريًا,رعاية الحيوانات,104,معتمد مبدئيًا,Pasted text(51).txt
SHOP-105,DOM-SHOP,شراء أدوات ومواد الخياطة والحرف,شراء خيوط وأقمشة أو أدوات حرف يدوية وأشغال,متجر الخياطة,عند الحاجة,المهارات المنزلية، الإبداع,105,معتمد مبدئيًا,Pasted text(51).txt
