asset_code,title_ar,file_name,asset_path,version,status,source,qa_status,library_role,missing_binary
VRS-HOME-ITEMS-ORGANIZE-001,ترتيب الأغراض الشخصية,VRS-HOME-ITEMS-ORGANIZE-001.webp,/assets/execution/visual/VRS-HOME-ITEMS-ORGANIZE-001.webp,1.0,FINAL,DALILI_VISUAL_BATCH_03,APPROVED_FOR_PILOT,canonical,false
VRS-HOME-WASTE-OUT-001,إخراج النفايات المنزلية,VRS-HOME-WASTE-OUT-001.webp,/assets/execution/visual/VRS-HOME-WASTE-OUT-001.webp,1.0,FINAL,DALILI_VISUAL_BATCH_03,APPROVED_FOR_PILOT,canonical,false
VRS-HOME-WATER-FILL-001,تعبئة زجاجة الماء,VRS-HOME-WATER-FILL-001.webp,/assets/execution/visual/VRS-HOME-WATER-FILL-001.webp,1.0,FINAL,DALILI_VISUAL_BATCH_03,APPROVED_FOR_PILOT,canonical,false
VRS-HOME-SNACK-PREP-001,تجهيز وجبة خفيفة,VRS-HOME-SNACK-PREP-001.webp,/assets/execution/visual/VRS-HOME-SNACK-PREP-001.webp,1.0,FINAL,DALILI_VISUAL_BATCH_03,APPROVED_FOR_PILOT,canonical,false
VRS-HOME-DISH-UNLOAD-001,إخراج الأطباق من غسالة الصحون,VRS-HOME-DISH-UNLOAD-001.webp,/assets/execution/visual/VRS-HOME-DISH-UNLOAD-001.webp,1.0,FINAL,DALILI_VISUAL_BATCH_03,APPROVED_FOR_PILOT,canonical,false
VRS-HOME-CLOTHES-FOLD-001,طي الملابس,VRS-HOME-CLOTHES-FOLD-001.webp,/assets/execution/visual/VRS-HOME-CLOTHES-FOLD-001.webp,1.0,FINAL,DALILI_VISUAL_BATCH_03,APPROVED_FOR_PILOT,canonical,false
VRS-HOME-CLOSET-ORGANIZE-001,ترتيب الملابس بالخزانة,VRS-HOME-CLOSET-ORGANIZE-001.webp,/assets/execution/visual/VRS-HOME-CLOSET-ORGANIZE-001.webp,1.0,FINAL,DALILI_VISUAL_BATCH_03,APPROVED_FOR_PILOT,canonical,false
VRS-HOME-BED-MAKE-001,ترتيب السرير,VRS-HOME-BED-MAKE-001.webp,/assets/execution/visual/VRS-HOME-BED-MAKE-001.webp,1.0,FINAL,DALILI_VISUAL_BATCH_03,APPROVED_FOR_PILOT,canonical,false
VRS-COMM-MEAL-CHOICE-001,خيار الوجبة: دجاج مع بطاطس وفاصولياء,meal-option-1.jpg,src/assets/meal-option-1.jpg,1.0,FINAL,DALILI_VISUAL_BATCH_01,APPROVED_FOR_PILOT,canonical,false
VRS-COMM-MEAL-CHOICE-002,خيار الوجبة: سلمون مع أرز وبروكلي,meal-option-2.jpg,src/assets/meal-option-2.jpg,1.0,FINAL,DALILI_VISUAL_BATCH_01,APPROVED_FOR_PILOT,canonical,false
VRS-HOME-PANTRY-SHELF-FR001,ترتيب خزانة المؤن — إخراج العلب,PANTRY_SHELF_01-frame01.webp,/assets/execution/pantry/PANTRY_SHELF_01-frame01.webp,1.0,FINAL,DALILI_VISUAL_BATCH_02,APPROVED_FOR_PILOT,canonical,false
VRS-HOME-PANTRY-SHELF-FR002,ترتيب خزانة المؤن — مسح المساحة,PANTRY_SHELF_01-frame02.webp,/assets/execution/pantry/PANTRY_SHELF_01-frame02.webp,1.0,FINAL,DALILI_VISUAL_BATCH_02,APPROVED_FOR_PILOT,canonical,false
VRS-HOME-PANTRY-SHELF-FR003,ترتيب خزانة المؤن — إعادة العلب,PANTRY_SHELF_01-frame03.webp,/assets/execution/pantry/PANTRY_SHELF_01-frame03.webp,1.0,FINAL,DALILI_VISUAL_BATCH_02,APPROVED_FOR_PILOT,canonical,false
VRS-HOME-PANTRY-SHELF-SHEET-001,ترتيب خزانة المؤن — اللوحة المصدر,PANTRY_SHELF_01-sheet.webp,/assets/execution/pantry/PANTRY_SHELF_01-sheet.webp,1.0,SOURCE_BOARD,DALILI_VISUAL_BATCH_02,NOT_IN_PILOT,archive,false
VRS-B03-FOOD-TABLE-001,تحضير الأطباق والأكواب,B03-FOOD-TABLE.png,/assets/execution/batch03/B03-FOOD-TABLE.png,1.0,FINAL,DALILI_VISUAL_BATCH_03_FP,APPROVED_FOR_PILOT,canonical,false
VRS-B03-FOOD-DRINKS-001,تحضير المشروبات المرافقة,B03-FOOD-TABLE.png,/assets/execution/batch03/B03-FOOD-TABLE.png,1.0,FINAL,DALILI_VISUAL_BATCH_03_FP,APPROVED_FOR_PILOT,canonical,false
VRS-B03-SHOP-BAGS-001,حمل الأكياس الفارغة إلى السيارة,B03-SHOP-BAGS.png,/assets/execution/batch03/B03-SHOP-BAGS.png,1.0,FINAL,DALILI_VISUAL_BATCH_03_FP,APPROVED_FOR_PILOT,canonical,false
VRS-B03-HOME-BOOKS-COLLECT-001,جمع الكتب المتناثرة,B03-HOME-BOOKS.png,/assets/execution/batch03/B03-HOME-BOOKS.png,1.0,FINAL,DALILI_VISUAL_BATCH_03_FP,APPROVED_FOR_PILOT,canonical,false
VRS-B03-HOME-BOOKS-SHELF-001,إعادة الكتب وتصفيفها بشكل عمودي,B03-HOME-BOOKS.png,/assets/execution/batch03/B03-HOME-BOOKS.png,1.0,FINAL,DALILI_VISUAL_BATCH_03_FP,APPROVED_FOR_PILOT,canonical,false
VRS-B03-COMM-PICNIC-PREP-001,تجهيز أغراض النزهة,B03-COMM-PICNIC.png,/assets/execution/batch03/B03-COMM-PICNIC.png,1.0,FINAL,DALILI_VISUAL_BATCH_03_FP,APPROVED_FOR_PILOT,canonical,false
VRS-B03-COMM-PICNIC-BAG-001,وضع الأغراض في الحقيبة أو السيارة,B03-COMM-PICNIC.png,/assets/execution/batch03/B03-COMM-PICNIC.png,1.0,FINAL,DALILI_VISUAL_BATCH_03_FP,APPROVED_FOR_PILOT,canonical,false
VRS-B03-HEALTH-SOURCE-001,فتح مصدر الأرقام,B03-HEALTH-CLINIC-NUMBER.png,/assets/execution/batch03/B03-HEALTH-CLINIC-NUMBER.png,1.0,FINAL,DALILI_VISUAL_BATCH_03_FP,APPROVED_FOR_PILOT,canonical,false
VRS-B03-HEALTH-SEARCH-001,البحث عن اسم العيادة,B03-HEALTH-CLINIC-NUMBER.png,/assets/execution/batch03/B03-HEALTH-CLINIC-NUMBER.png,1.0,FINAL,DALILI_VISUAL_BATCH_03_FP,APPROVED_FOR_PILOT,canonical,false
VRS-B03-HEALTH-NUMBER-001,تحديد الرقم المطلوب,B03-HEALTH-CLINIC-NUMBER.png,/assets/execution/batch03/B03-HEALTH-CLINIC-NUMBER.png,1.0,FINAL,DALILI_VISUAL_BATCH_03_FP,APPROVED_FOR_PILOT,canonical,false
VRS-B03-CLO-LIGHT-DARK-001,فصل الملابس الفاتحة عن الداكنة,B03-CLO-LAUNDRY-SORT.png,/assets/execution/batch03/B03-CLO-LAUNDRY-SORT.png,1.0,FINAL,DALILI_VISUAL_BATCH_03_FP,APPROVED_FOR_PILOT,canonical,false
VRS-B03-CLO-DELICATE-001,فصل الأقمشة الحساسة,B03-CLO-LAUNDRY-SORT.png,/assets/execution/batch03/B03-CLO-LAUNDRY-SORT.png,1.0,FINAL,DALILI_VISUAL_BATCH_03_FP,APPROVED_FOR_PILOT,canonical,false
VRS-B03-CLO-GROUP-001,تجميع كل مجموعة معًا,B03-CLO-LAUNDRY-SORT.png,/assets/execution/batch03/B03-CLO-LAUNDRY-SORT.png,1.0,FINAL,DALILI_VISUAL_BATCH_03_FP,APPROVED_FOR_PILOT,canonical,false
VRS-HOME-BED-MAKE-001-P1,ترتيب السرير — مشهد 1,VRS-HOME-BED-MAKE-001-P1.webp,/assets/execution/derived/VRS-HOME-BED-MAKE-001-P1.webp,1.0,FINAL,DALILI_VISUAL_DERIVED_01,APPROVED_FOR_PILOT,canonical,false
VRS-HOME-BED-MAKE-001-P2,ترتيب السرير — مشهد 2,VRS-HOME-BED-MAKE-001-P2.webp,/assets/execution/derived/VRS-HOME-BED-MAKE-001-P2.webp,1.0,FINAL,DALILI_VISUAL_DERIVED_01,APPROVED_FOR_PILOT,canonical,false
VRS-HOME-BED-MAKE-001-P3,ترتيب السرير — مشهد 3,VRS-HOME-BED-MAKE-001-P3.webp,/assets/execution/derived/VRS-HOME-BED-MAKE-001-P3.webp,1.0,FINAL,DALILI_VISUAL_DERIVED_01,APPROVED_FOR_PILOT,canonical,false
VRS-HOME-BED-MAKE-001-P4,ترتيب السرير — مشهد 4,VRS-HOME-BED-MAKE-001-P4.webp,/assets/execution/derived/VRS-HOME-BED-MAKE-001-P4.webp,1.0,FINAL,DALILI_VISUAL_DERIVED_01,APPROVED_FOR_PILOT,canonical,false
VRS-HOME-CLOSET-ORGANIZE-001-P1,ترتيب الملابس بالخزانة — مشهد 1,VRS-HOME-CLOSET-ORGANIZE-001-P1.webp,/assets/execution/derived/VRS-HOME-CLOSET-ORGANIZE-001-P1.webp,1.0,FINAL,DALILI_VISUAL_DERIVED_01,APPROVED_FOR_PILOT,canonical,false
VRS-HOME-CLOSET-ORGANIZE-001-P2,ترتيب الملابس بالخزانة — مشهد 2,VRS-HOME-CLOSET-ORGANIZE-001-P2.webp,/assets/execution/derived/VRS-HOME-CLOSET-ORGANIZE-001-P2.webp,1.0,FINAL,DALILI_VISUAL_DERIVED_01,APPROVED_FOR_PILOT,canonical,false
VRS-HOME-CLOSET-ORGANIZE-001-P3,ترتيب الملابس بالخزانة — مشهد 3,VRS-HOME-CLOSET-ORGANIZE-001-P3.webp,/assets/execution/derived/VRS-HOME-CLOSET-ORGANIZE-001-P3.webp,1.0,FINAL,DALILI_VISUAL_DERIVED_01,APPROVED_FOR_PILOT,canonical,false
VRS-HOME-CLOSET-ORGANIZE-001-P4,ترتيب الملابس بالخزانة — مشهد 4,VRS-HOME-CLOSET-ORGANIZE-001-P4.webp,/assets/execution/derived/VRS-HOME-CLOSET-ORGANIZE-001-P4.webp,1.0,FINAL,DALILI_VISUAL_DERIVED_01,APPROVED_FOR_PILOT,canonical,false
VRS-HOME-CLOTHES-FOLD-001-P1,طي الملابس — مشهد 1,VRS-HOME-CLOTHES-FOLD-001-P1.webp,/assets/execution/derived/VRS-HOME-CLOTHES-FOLD-001-P1.webp,1.0,FINAL,DALILI_VISUAL_DERIVED_01,APPROVED_FOR_PILOT,canonical,false
VRS-HOME-CLOTHES-FOLD-001-P2,طي الملابس — مشهد 2,VRS-HOME-CLOTHES-FOLD-001-P2.webp,/assets/execution/derived/VRS-HOME-CLOTHES-FOLD-001-P2.webp,1.0,FINAL,DALILI_VISUAL_DERIVED_01,APPROVED_FOR_PILOT,canonical,false
VRS-HOME-CLOTHES-FOLD-001-P3,طي الملابس — مشهد 3,VRS-HOME-CLOTHES-FOLD-001-P3.webp,/assets/execution/derived/VRS-HOME-CLOTHES-FOLD-001-P3.webp,1.0,FINAL,DALILI_VISUAL_DERIVED_01,APPROVED_FOR_PILOT,canonical,false
VRS-HOME-CLOTHES-FOLD-001-P4,طي الملابس — مشهد 4,VRS-HOME-CLOTHES-FOLD-001-P4.webp,/assets/execution/derived/VRS-HOME-CLOTHES-FOLD-001-P4.webp,1.0,FINAL,DALILI_VISUAL_DERIVED_01,APPROVED_FOR_PILOT,canonical,false
VRS-HOME-DISH-UNLOAD-001-P1,إخراج الأطباق من غسالة الصحون — مشهد 1,VRS-HOME-DISH-UNLOAD-001-P1.webp,/assets/execution/derived/VRS-HOME-DISH-UNLOAD-001-P1.webp,1.0,FINAL,DALILI_VISUAL_DERIVED_01,APPROVED_FOR_PILOT,canonical,false
VRS-HOME-DISH-UNLOAD-001-P2,إخراج الأطباق من غسالة الصحون — مشهد 2,VRS-HOME-DISH-UNLOAD-001-P2.webp,/assets/execution/derived/VRS-HOME-DISH-UNLOAD-001-P2.webp,1.0,FINAL,DALILI_VISUAL_DERIVED_01,APPROVED_FOR_PILOT,canonical,false
VRS-HOME-DISH-UNLOAD-001-P3,إخراج الأطباق من غسالة الصحون — مشهد 3,VRS-HOME-DISH-UNLOAD-001-P3.webp,/assets/execution/derived/VRS-HOME-DISH-UNLOAD-001-P3.webp,1.0,FINAL,DALILI_VISUAL_DERIVED_01,APPROVED_FOR_PILOT,canonical,false
VRS-HOME-DISH-UNLOAD-001-P4,إخراج الأطباق من غسالة الصحون — مشهد 4,VRS-HOME-DISH-UNLOAD-001-P4.webp,/assets/execution/derived/VRS-HOME-DISH-UNLOAD-001-P4.webp,1.0,FINAL,DALILI_VISUAL_DERIVED_01,APPROVED_FOR_PILOT,canonical,false
VRS-HOME-ITEMS-ORGANIZE-001-P1,ترتيب الأغراض الشخصية — مشهد 1,VRS-HOME-ITEMS-ORGANIZE-001-P1.webp,/assets/execution/derived/VRS-HOME-ITEMS-ORGANIZE-001-P1.webp,1.0,FINAL,DALILI_VISUAL_DERIVED_01,APPROVED_FOR_PILOT,canonical,false
VRS-HOME-ITEMS-ORGANIZE-001-P2,ترتيب الأغراض الشخصية — مشهد 2,VRS-HOME-ITEMS-ORGANIZE-001-P2.webp,/assets/execution/derived/VRS-HOME-ITEMS-ORGANIZE-001-P2.webp,1.0,FINAL,DALILI_VISUAL_DERIVED_01,APPROVED_FOR_PILOT,canonical,false
VRS-HOME-ITEMS-ORGANIZE-001-P3,ترتيب الأغراض الشخصية — مشهد 3,VRS-HOME-ITEMS-ORGANIZE-001-P3.webp,/assets/execution/derived/VRS-HOME-ITEMS-ORGANIZE-001-P3.webp,1.0,FINAL,DALILI_VISUAL_DERIVED_01,APPROVED_FOR_PILOT,canonical,false
VRS-HOME-ITEMS-ORGANIZE-001-P4,ترتيب الأغراض الشخصية — مشهد 4,VRS-HOME-ITEMS-ORGANIZE-001-P4.webp,/assets/execution/derived/VRS-HOME-ITEMS-ORGANIZE-001-P4.webp,1.0,FINAL,DALILI_VISUAL_DERIVED_01,APPROVED_FOR_PILOT,canonical,false
VRS-HOME-SNACK-PREP-001-P1,تجهيز وجبة خفيفة — مشهد 1,VRS-HOME-SNACK-PREP-001-P1.webp,/assets/execution/derived/VRS-HOME-SNACK-PREP-001-P1.webp,1.0,FINAL,DALILI_VISUAL_DERIVED_01,APPROVED_FOR_PILOT,canonical,false
VRS-HOME-SNACK-PREP-001-P2,تجهيز وجبة خفيفة — مشهد 2,VRS-HOME-SNACK-PREP-001-P2.webp,/assets/execution/derived/VRS-HOME-SNACK-PREP-001-P2.webp,1.0,FINAL,DALILI_VISUAL_DERIVED_01,APPROVED_FOR_PILOT,canonical,false
VRS-HOME-SNACK-PREP-001-P3,تجهيز وجبة خفيفة — مشهد 3,VRS-HOME-SNACK-PREP-001-P3.webp,/assets/execution/derived/VRS-HOME-SNACK-PREP-001-P3.webp,1.0,FINAL,DALILI_VISUAL_DERIVED_01,APPROVED_FOR_PILOT,canonical,false
VRS-HOME-SNACK-PREP-001-P4,تجهيز وجبة خفيفة — مشهد 4,VRS-HOME-SNACK-PREP-001-P4.webp,/assets/execution/derived/VRS-HOME-SNACK-PREP-001-P4.webp,1.0,FINAL,DALILI_VISUAL_DERIVED_01,APPROVED_FOR_PILOT,canonical,false
VRS-HOME-WASTE-OUT-001-P1,إخراج النفايات المنزلية — مشهد 1,VRS-HOME-WASTE-OUT-001-P1.webp,/assets/execution/derived/VRS-HOME-WASTE-OUT-001-P1.webp,1.0,FINAL,DALILI_VISUAL_DERIVED_01,APPROVED_FOR_PILOT,canonical,false
VRS-HOME-WASTE-OUT-001-P2,إخراج النفايات المنزلية — مشهد 2,VRS-HOME-WASTE-OUT-001-P2.webp,/assets/execution/derived/VRS-HOME-WASTE-OUT-001-P2.webp,1.0,FINAL,DALILI_VISUAL_DERIVED_01,APPROVED_FOR_PILOT,canonical,false
VRS-HOME-WASTE-OUT-001-P3,إخراج النفايات المنزلية — مشهد 3,VRS-HOME-WASTE-OUT-001-P3.webp,/assets/execution/derived/VRS-HOME-WASTE-OUT-001-P3.webp,1.0,FINAL,DALILI_VISUAL_DERIVED_01,APPROVED_FOR_PILOT,canonical,false
VRS-HOME-WASTE-OUT-001-P4,إخراج النفايات المنزلية — مشهد 4,VRS-HOME-WASTE-OUT-001-P4.webp,/assets/execution/derived/VRS-HOME-WASTE-OUT-001-P4.webp,1.0,FINAL,DALILI_VISUAL_DERIVED_01,APPROVED_FOR_PILOT,canonical,false
VRS-HOME-WATER-FILL-001-P1,تعبئة زجاجة الماء — مشهد 1,VRS-HOME-WATER-FILL-001-P1.webp,/assets/execution/derived/VRS-HOME-WATER-FILL-001-P1.webp,1.0,FINAL,DALILI_VISUAL_DERIVED_01,APPROVED_FOR_PILOT,canonical,false
VRS-HOME-WATER-FILL-001-P2,تعبئة زجاجة الماء — مشهد 2,VRS-HOME-WATER-FILL-001-P2.webp,/assets/execution/derived/VRS-HOME-WATER-FILL-001-P2.webp,1.0,FINAL,DALILI_VISUAL_DERIVED_01,APPROVED_FOR_PILOT,canonical,false
VRS-HOME-WATER-FILL-001-P3,تعبئة زجاجة الماء — مشهد 3,VRS-HOME-WATER-FILL-001-P3.webp,/assets/execution/derived/VRS-HOME-WATER-FILL-001-P3.webp,1.0,FINAL,DALILI_VISUAL_DERIVED_01,APPROVED_FOR_PILOT,canonical,false
VRS-HOME-WATER-FILL-001-P4,تعبئة زجاجة الماء — مشهد 4,VRS-HOME-WATER-FILL-001-P4.webp,/assets/execution/derived/VRS-HOME-WATER-FILL-001-P4.webp,1.0,FINAL,DALILI_VISUAL_DERIVED_01,APPROVED_FOR_PILOT,canonical,false
VRS-EXP12-HOME-PANTRY-REMOVE-001,إخراج علب الرف المحدد,EXP12-HOME-PANTRY-REMOVE.png,/assets/execution/expansion12/EXP12-HOME-PANTRY-REMOVE.png,1.0,FINAL,DALILI_VISUAL_EXPANSION_12,APPROVED_FOR_REVIEW,canonical,false
VRS-EXP12-HOME-PANTRY-WIPE-001,مسح الرف بقطعة قماش,EXP12-HOME-PANTRY-WIPE.png,/assets/execution/expansion12/EXP12-HOME-PANTRY-WIPE.png,1.0,FINAL,DALILI_VISUAL_EXPANSION_12,APPROVED_FOR_REVIEW,canonical,false
VRS-EXP12-HOME-PANTRY-GROUP-001,اختيار فئة واحدة من العلب,EXP12-HOME-PANTRY-GROUP.png,/assets/execution/expansion12/EXP12-HOME-PANTRY-GROUP.png,1.0,FINAL,DALILI_VISUAL_EXPANSION_12,APPROVED_FOR_REVIEW,canonical,false
VRS-EXP12-HOME-PANTRY-PLACE-001,وضع العلب في مكانها المحدد,EXP12-HOME-PANTRY-GROUP.png,/assets/execution/expansion12/EXP12-HOME-PANTRY-GROUP.png,1.0,FINAL,DALILI_VISUAL_EXPANSION_12,APPROVED_FOR_REVIEW,canonical,false
VRS-EXP12-FOOD-VEG-COLANDER-001,وضع الخضروات في المصفاة,EXP12-FOOD-VEG-COLANDER.png,/assets/execution/expansion12/EXP12-FOOD-VEG-COLANDER.png,1.0,FINAL,DALILI_VISUAL_EXPANSION_12,APPROVED_FOR_REVIEW,canonical,false
VRS-EXP12-FOOD-VEG-RINSE-001,غسل الخضروات تحت الماء,EXP12-FOOD-VEG-RINSE.png,/assets/execution/expansion12/EXP12-FOOD-VEG-RINSE.png,1.0,FINAL,DALILI_VISUAL_EXPANSION_12,APPROVED_FOR_REVIEW,canonical,false
VRS-EXP12-FOOD-VEG-ASIDE-001,وضع الخضروات جانبًا,EXP12-FOOD-VEG-COLANDER.png,/assets/execution/expansion12/EXP12-FOOD-VEG-COLANDER.png,1.0,FINAL,DALILI_VISUAL_EXPANSION_12,APPROVED_FOR_REVIEW,canonical,false
VRS-EXP12-FOOD-TRAY-CUPS-001,وضع الأكواب على الصينية,EXP12-FOOD-HOSPITALITY-TRAY.png,/assets/execution/expansion12/EXP12-FOOD-HOSPITALITY-TRAY.png,1.0,FINAL,DALILI_VISUAL_EXPANSION_12,APPROVED_FOR_REVIEW,canonical,false
VRS-EXP12-FOOD-TRAY-PLATES-001,وضع الأطباق الصغيرة بجانب الأكواب,EXP12-FOOD-HOSPITALITY-TRAY.png,/assets/execution/expansion12/EXP12-FOOD-HOSPITALITY-TRAY.png,1.0,FINAL,DALILI_VISUAL_EXPANSION_12,APPROVED_FOR_REVIEW,canonical,false
VRS-EXP12-CLO-FOLD-FLAT-001,فرد القطعة على السطح,EXP12-CLO-LAUNDRY-FOLD.png,/assets/execution/expansion12/EXP12-CLO-LAUNDRY-FOLD.png,1.0,FINAL,DALILI_VISUAL_EXPANSION_12,APPROVED_FOR_REVIEW,canonical,false
VRS-EXP12-CLO-FOLD-SIDES-001,طي الجوانب أو الأكمام,EXP12-CLO-LAUNDRY-FOLD.png,/assets/execution/expansion12/EXP12-CLO-LAUNDRY-FOLD.png,1.0,FINAL,DALILI_VISUAL_EXPANSION_12,APPROVED_FOR_REVIEW,canonical,false
VRS-EXP12-CLO-FOLD-STACK-001,وضع القطعة مع الملابس المطوية,EXP12-CLO-LAUNDRY-FOLD.png,/assets/execution/expansion12/EXP12-CLO-LAUNDRY-FOLD.png,1.0,FINAL,DALILI_VISUAL_EXPANSION_12,APPROVED_FOR_REVIEW,canonical,false
VRS-EXP12-CLO-SHOES-CARRY-001,حمل الحذاء من المدخل,EXP12-CLO-SHOES-RACK.png,/assets/execution/expansion12/EXP12-CLO-SHOES-RACK.png,1.0,FINAL,DALILI_VISUAL_EXPANSION_12,APPROVED_FOR_REVIEW,canonical,false
VRS-EXP12-CLO-SHOES-SHELF-001,وضعه في الرف أو المكان المخصص,EXP12-CLO-SHOES-RACK.png,/assets/execution/expansion12/EXP12-CLO-SHOES-RACK.png,1.0,FINAL,DALILI_VISUAL_EXPANSION_12,APPROVED_FOR_REVIEW,canonical,false
VRS-EXP12-CLO-SHOES-MATCH-001,ترتيبه بجانب الزوج المطابق,EXP12-CLO-SHOES-RACK.png,/assets/execution/expansion12/EXP12-CLO-SHOES-RACK.png,1.0,FINAL,DALILI_VISUAL_EXPANSION_12,APPROVED_FOR_REVIEW,canonical,false
VRS-EXP12-SHOP-LIST-IDENTIFY-001,تحديد عنصر ناقص مع الأسرة,EXP12-SHOP-LIST-ITEM.png,/assets/execution/expansion12/EXP12-SHOP-LIST-ITEM.png,1.0,FINAL,DALILI_VISUAL_EXPANSION_12,APPROVED_FOR_REVIEW,canonical,false
VRS-EXP12-SHOP-LIST-ADD-001,إضافته إلى القائمة بالكتابة أو الإملاء أو الصورة,EXP12-SHOP-LIST-ITEM.png,/assets/execution/expansion12/EXP12-SHOP-LIST-ITEM.png,1.0,FINAL,DALILI_VISUAL_EXPANSION_12,APPROVED_FOR_REVIEW,canonical,false
VRS-EXP12-SHOP-CART-HANDLE-001,الإمساك بمقبض العربة,EXP12-SHOP-CART-PULL.png,/assets/execution/expansion12/EXP12-SHOP-CART-PULL.png,1.0,FINAL,DALILI_VISUAL_EXPANSION_12,APPROVED_FOR_REVIEW,canonical,false
VRS-EXP12-SHOP-CART-PULL-001,سحب العربة من مكانها,EXP12-SHOP-CART-PULL.png,/assets/execution/expansion12/EXP12-SHOP-CART-PULL.png,1.0,FINAL,DALILI_VISUAL_EXPANSION_12,APPROVED_FOR_REVIEW,canonical,false
VRS-EXP12-COMM-CAFE-WAIT-001,التوجه للموظف أو انتظار وصوله,EXP12-COMM-CAFE-ORDER.png,/assets/execution/expansion12/EXP12-COMM-CAFE-ORDER.png,1.0,FINAL,DALILI_VISUAL_EXPANSION_12,APPROVED_FOR_REVIEW,canonical,false
VRS-EXP12-COMM-CAFE-ORDER-001,ذكر الطلب أو الإشارة إليه في القائمة,EXP12-COMM-CAFE-ORDER.png,/assets/execution/expansion12/EXP12-COMM-CAFE-ORDER.png,1.0,FINAL,DALILI_VISUAL_EXPANSION_12,APPROVED_FOR_REVIEW,canonical,false
VRS-EXP12-COMM-PICKUP-OPEN-001,فتح رقم الطلب أو البطاقة,EXP12-COMM-PICKUP-ORDER.png,/assets/execution/expansion12/EXP12-COMM-PICKUP-ORDER.png,1.0,FINAL,DALILI_VISUAL_EXPANSION_12,APPROVED_FOR_REVIEW,canonical,false
VRS-EXP12-COMM-PICKUP-SHOW-001,عرض الرقم أو الاسم للموظف,EXP12-COMM-PICKUP-ORDER.png,/assets/execution/expansion12/EXP12-COMM-PICKUP-ORDER.png,1.0,FINAL,DALILI_VISUAL_EXPANSION_12,APPROVED_FOR_REVIEW,canonical,false
VRS-EXP12-HEALTH-REPORTS-OPEN-001,فتح ملف التقارير,EXP12-HEALTH-REPORTS-BAG.png,/assets/execution/expansion12/EXP12-HEALTH-REPORTS-BAG.png,1.0,FINAL,DALILI_VISUAL_EXPANSION_12,APPROVED_FOR_REVIEW,canonical,false
VRS-EXP12-HEALTH-REPORTS-BAG-001,وضع التقارير المطلوبة في الملف أو الحقيبة,EXP12-HEALTH-REPORTS-BAG.png,/assets/execution/expansion12/EXP12-HEALTH-REPORTS-BAG.png,1.0,FINAL,DALILI_VISUAL_EXPANSION_12,APPROVED_FOR_REVIEW,canonical,false
VRS-EXP12-HEALTH-ALARM-OPEN-001,فتح تطبيق المنبه مع الأسرة,EXP12-HEALTH-ALARM-SET.png,/assets/execution/expansion12/EXP12-HEALTH-ALARM-SET.png,1.0,FINAL,DALILI_VISUAL_EXPANSION_12,APPROVED_FOR_REVIEW,canonical,false
VRS-EXP12-HEALTH-ALARM-TIME-001,اختيار وقت الجرعة المتفق عليه,EXP12-HEALTH-ALARM-SET.png,/assets/execution/expansion12/EXP12-HEALTH-ALARM-SET.png,1.0,FINAL,DALILI_VISUAL_EXPANSION_12,APPROVED_FOR_REVIEW,canonical,false
VRS-EXP12-HEALTH-ALARM-SAVE-001,حفظ المنبه على الجهاز,EXP12-HEALTH-ALARM-SET.png,/assets/execution/expansion12/EXP12-HEALTH-ALARM-SET.png,1.0,FINAL,DALILI_VISUAL_EXPANSION_12,APPROVED_FOR_REVIEW,canonical,false
