file_path,file_name,asset_code,visual_family,title_ar,status,qa_status,source_batch,linked_opportunity_id,link_layer,role,notes
public/assets/execution/visual/VRS-HOME-BED-MAKE-001.webp,VRS-HOME-BED-MAKE-001.webp,VRS-HOME-BED-MAKE-001,BED-MAKE,ترتيب السرير,FINAL,APPROVED_FOR_PILOT,DALILI_VISUAL_BATCH_03,HOME-001-OP001,visual-support-map,canonical,مرتبط عبر طبقة التنفيذ
public/assets/execution/visual/VRS-HOME-ITEMS-ORGANIZE-001.webp,VRS-HOME-ITEMS-ORGANIZE-001.webp,VRS-HOME-ITEMS-ORGANIZE-001,ITEMS-ORGANIZE,ترتيب الأغراض الشخصية,FINAL,APPROVED_FOR_PILOT,DALILI_VISUAL_BATCH_03,HOME-008-OP002,visual-support-map,canonical,مرتبط عبر طبقة التنفيذ
public/assets/execution/visual/VRS-HOME-WASTE-OUT-001.webp,VRS-HOME-WASTE-OUT-001.webp,VRS-HOME-WASTE-OUT-001,WASTE-OUT,إخراج النفايات المنزلية,FINAL,APPROVED_FOR_PILOT,DALILI_VISUAL_BATCH_03,HOME-009-OP003,visual-support-map,canonical,مرتبط عبر طبقة التنفيذ
public/assets/execution/visual/VRS-HOME-WATER-FILL-001.webp,VRS-HOME-WATER-FILL-001.webp,VRS-HOME-WATER-FILL-001,WATER-FILL,تعبئة زجاجة الماء,FINAL,APPROVED_FOR_PILOT,DALILI_VISUAL_BATCH_03,FOOD-008-OP003,visual-support-map,canonical,مرتبط عبر طبقة التنفيذ
public/assets/execution/visual/VRS-HOME-SNACK-PREP-001.webp,VRS-HOME-SNACK-PREP-001.webp,VRS-HOME-SNACK-PREP-001,SNACK-PREP,تجهيز وجبة خفيفة,FINAL,APPROVED_FOR_PILOT,DALILI_VISUAL_BATCH_03,FOOD-009-OP002,visual-support-map,canonical,مختبر في الواجهة
public/assets/execution/visual/VRS-HOME-DISH-UNLOAD-001.webp,VRS-HOME-DISH-UNLOAD-001.webp,VRS-HOME-DISH-UNLOAD-001,DISH-UNLOAD,إخراج الأطباق من غسالة الصحون,FINAL,APPROVED_FOR_PILOT,DALILI_VISUAL_BATCH_03,FOOD-064-OP003,visual-support-map,canonical,مرتبط عبر طبقة التنفيذ
public/assets/execution/visual/VRS-HOME-CLOTHES-FOLD-001.webp,VRS-HOME-CLOTHES-FOLD-001.webp,VRS-HOME-CLOTHES-FOLD-001,CLOTHES-FOLD,طي الملابس,FINAL,APPROVED_FOR_PILOT,DALILI_VISUAL_BATCH_03,CLO-016-OP001,visual-support-map,canonical,مختبر في الواجهة
public/assets/execution/visual/VRS-HOME-CLOSET-ORGANIZE-001.webp,VRS-HOME-CLOSET-ORGANIZE-001.webp,VRS-HOME-CLOSET-ORGANIZE-001,CLOSET-ORGANIZE,ترتيب الملابس بالخزانة,FINAL,APPROVED_FOR_PILOT,DALILI_VISUAL_BATCH_03,CLO-017-OP001,visual-support-map,canonical,مرتبط عبر طبقة التنفيذ
src/assets/meal-option-1.jpg,meal-option-1.jpg,VRS-COMM-MEAL-CHOICE-001,MEAL-CHOICE,خيار الوجبة: دجاج مع بطاطس وفاصولياء,FINAL,APPROVED_FOR_PILOT,DALILI_VISUAL_BATCH_01,COMM-007-OP002,visual-support-map,canonical,أُنتج سابقًا وكان مرتبطًا باستيراد صلب؛ صار يمر عبر الـresolver
src/assets/meal-option-2.jpg,meal-option-2.jpg,VRS-COMM-MEAL-CHOICE-002,MEAL-CHOICE,خيار الوجبة: سلمون مع أرز وبروكلي,FINAL,APPROVED_FOR_PILOT,DALILI_VISUAL_BATCH_01,COMM-007-OP002,visual-support-map,canonical,خيار ثانٍ مكمّل وليس نسخة بديلة
public/assets/execution/pantry/PANTRY_SHELF_01-frame01.webp,PANTRY_SHELF_01-frame01.webp,VRS-HOME-PANTRY-SHELF-FR001,PANTRY-SHELF,ترتيب خزانة المؤن — إخراج العلب,FINAL,APPROVED_FOR_PILOT,DALILI_VISUAL_BATCH_02,HOME-052-OP001,execution-frames+visual-support-map,canonical,يُعرض عبر مشغّل الإطارات
public/assets/execution/pantry/PANTRY_SHELF_01-frame02.webp,PANTRY_SHELF_01-frame02.webp,VRS-HOME-PANTRY-SHELF-FR002,PANTRY-SHELF,ترتيب خزانة المؤن — مسح المساحة,FINAL,APPROVED_FOR_PILOT,DALILI_VISUAL_BATCH_02,HOME-052-OP001,execution-frames+visual-support-map,canonical,يُعرض عبر مشغّل الإطارات
public/assets/execution/pantry/PANTRY_SHELF_01-frame03.webp,PANTRY_SHELF_01-frame03.webp,VRS-HOME-PANTRY-SHELF-FR003,PANTRY-SHELF,ترتيب خزانة المؤن — إعادة العلب,FINAL,APPROVED_FOR_PILOT,DALILI_VISUAL_BATCH_02,HOME-052-OP001,execution-frames+visual-support-map,canonical,يُعرض عبر مشغّل الإطارات
public/assets/execution/pantry/PANTRY_SHELF_01-sheet.webp,PANTRY_SHELF_01-sheet.webp,VRS-HOME-PANTRY-SHELF-SHEET-001,PANTRY-SHELF,ترتيب خزانة المؤن — اللوحة المصدر,SOURCE_BOARD,NOT_IN_PILOT,DALILI_VISUAL_BATCH_02,,none,archive,لوحة مصدر قُطّعت إلى ثلاثة إطارات؛ لا تُعرض
public/assets/execution/batch03/B03-FOOD-TABLE.png,B03-FOOD-TABLE.png,VRS-B03-FOOD-TABLE-001,B03-FOOD,تحضير الأطباق والأكواب,FINAL,APPROVED_FOR_PILOT,DALILI_VISUAL_BATCH_03_FP,FR-B03-FOOD-001-OP002,step-image,canonical,مشتق من لوحة Batch 03 المولدة لاستخدام خطوة واحدة
public/assets/execution/batch03/B03-FOOD-TABLE.png,B03-FOOD-TABLE.png,VRS-B03-FOOD-DRINKS-001,B03-FOOD,تحضير المشروبات المرافقة,FINAL,APPROVED_FOR_PILOT,DALILI_VISUAL_BATCH_03_FP,FR-B03-FOOD-001-OP002,step-image,canonical,نفس المشهد يخدم خطوة تجهيز المائدة والمشروبات
public/assets/execution/batch03/B03-SHOP-BAGS.png,B03-SHOP-BAGS.png,VRS-B03-SHOP-BAGS-001,B03-SHOP,حمل الأكياس الفارغة إلى السيارة,FINAL,APPROVED_FOR_PILOT,DALILI_VISUAL_BATCH_03_FP,FR-B03-SHOP-009-OP001,step-image,canonical,صورة خطوة واحدة قبل رحلة التسوق
public/assets/execution/batch03/B03-HOME-BOOKS.png,B03-HOME-BOOKS.png,VRS-B03-HOME-BOOKS-COLLECT-001,B03-HOME,جمع الكتب المتناثرة,FINAL,APPROVED_FOR_PILOT,DALILI_VISUAL_BATCH_03_FP,FR-B03-HOME-018-OP001,step-image,canonical,صورة خطوة واحدة لإعادة الكتب
public/assets/execution/batch03/B03-HOME-BOOKS.png,B03-HOME-BOOKS.png,VRS-B03-HOME-BOOKS-SHELF-001,B03-HOME,إعادة الكتب وتصفيفها بشكل عمودي,FINAL,APPROVED_FOR_PILOT,DALILI_VISUAL_BATCH_03_FP,FR-B03-HOME-018-OP001,step-image,canonical,نفس المشهد يخدم جمع الكتب وإعادتها
public/assets/execution/batch03/B03-COMM-PICNIC.png,B03-COMM-PICNIC.png,VRS-B03-COMM-PICNIC-PREP-001,B03-COMM,تجهيز أغراض النزهة,FINAL,APPROVED_FOR_PILOT,DALILI_VISUAL_BATCH_03_FP,FR-B03-COMM-002-OP001,step-image,canonical,صورة تقتصر على تجهيز ما قبل الخروج
public/assets/execution/batch03/B03-COMM-PICNIC.png,B03-COMM-PICNIC.png,VRS-B03-COMM-PICNIC-BAG-001,B03-COMM,وضع الأغراض في الحقيبة أو السيارة,FINAL,APPROVED_FOR_PILOT,DALILI_VISUAL_BATCH_03_FP,FR-B03-COMM-002-OP001,step-image,canonical,لا تعرض تنظيف أو مغادرة
public/assets/execution/batch03/B03-HEALTH-CLINIC-NUMBER.png,B03-HEALTH-CLINIC-NUMBER.png,VRS-B03-HEALTH-SOURCE-001,B03-HEALTH,فتح مصدر الأرقام,FINAL,APPROVED_FOR_PILOT,DALILI_VISUAL_BATCH_03_FP,FR-B03-HEALTH-001-OP001,step-image,canonical,صورة غير علاجية للبحث عن رقم العيادة
public/assets/execution/batch03/B03-HEALTH-CLINIC-NUMBER.png,B03-HEALTH-CLINIC-NUMBER.png,VRS-B03-HEALTH-SEARCH-001,B03-HEALTH,البحث عن اسم العيادة,FINAL,APPROVED_FOR_PILOT,DALILI_VISUAL_BATCH_03_FP,FR-B03-HEALTH-001-OP001,step-image,canonical,لا تعرض إجراء طبي أو تشخيص
public/assets/execution/batch03/B03-HEALTH-CLINIC-NUMBER.png,B03-HEALTH-CLINIC-NUMBER.png,VRS-B03-HEALTH-NUMBER-001,B03-HEALTH,تحديد الرقم المطلوب,FINAL,APPROVED_FOR_PILOT,DALILI_VISUAL_BATCH_03_FP,FR-B03-HEALTH-001-OP001,step-image,canonical,واجهة هاتف بلا نص مقروء
public/assets/execution/batch03/B03-CLO-LAUNDRY-SORT.png,B03-CLO-LAUNDRY-SORT.png,VRS-B03-CLO-LIGHT-DARK-001,B03-CLO,فصل الملابس الفاتحة عن الداكنة,FINAL,APPROVED_FOR_PILOT,DALILI_VISUAL_BATCH_03_FP,FR-B03-CLO-011-OP001,step-image,canonical,صورة فرز وظيفي بلا لغة مهارة
public/assets/execution/batch03/B03-CLO-LAUNDRY-SORT.png,B03-CLO-LAUNDRY-SORT.png,VRS-B03-CLO-DELICATE-001,B03-CLO,فصل الأقمشة الحساسة,FINAL,APPROVED_FOR_PILOT,DALILI_VISUAL_BATCH_03_FP,FR-B03-CLO-011-OP001,step-image,canonical,نفس المشهد يخدم فصل الأقمشة
public/assets/execution/batch03/B03-CLO-LAUNDRY-SORT.png,B03-CLO-LAUNDRY-SORT.png,VRS-B03-CLO-GROUP-001,B03-CLO,تجميع كل مجموعة معًا,FINAL,APPROVED_FOR_PILOT,DALILI_VISUAL_BATCH_03_FP,FR-B03-CLO-011-OP001,step-image,canonical,سلال واضحة للمجموعات
src/assets/act-sleep.jpg,act-sleep.jpg,,UI-DECOR,صورة تصنيف: النوم والراحة,IN_USE_UI,NOT_APPLICABLE,PRE_REPOSITORY_UI,,ui-data.ts,unlinked,UNLINKED_NEEDS_MAPPING — صورة واجهة تزيينية وليست معينًا تنفيذيًا
src/assets/act-tv.jpg,act-tv.jpg,,UI-DECOR,صورة تصنيف: وقت الشاشة,IN_USE_UI,NOT_APPLICABLE,PRE_REPOSITORY_UI,,ui-data.ts,unlinked,UNLINKED_NEEDS_MAPPING — صورة واجهة تزيينية وليست معينًا تنفيذيًا
src/assets/act-plants.jpg,act-plants.jpg,,UI-DECOR,صورة تصنيف: العناية بالنباتات,IN_USE_UI,NOT_APPLICABLE,PRE_REPOSITORY_UI,,ui-data.ts,unlinked,UNLINKED_NEEDS_MAPPING — صورة واجهة تزيينية وليست معينًا تنفيذيًا
src/assets/act-clean.jpg,act-clean.jpg,,UI-DECOR,صورة تصنيف: التنظيف,IN_USE_UI,NOT_APPLICABLE,PRE_REPOSITORY_UI,,ui-data.ts,unlinked,UNLINKED_NEEDS_MAPPING — صورة واجهة تزيينية وليست معينًا تنفيذيًا
src/assets/act-shopping.jpg,act-shopping.jpg,,UI-DECOR,صورة تصنيف: التسوق,IN_USE_UI,NOT_APPLICABLE,PRE_REPOSITORY_UI,,ui-data.ts,unlinked,UNLINKED_NEEDS_MAPPING — صورة واجهة تزيينية وليست معينًا تنفيذيًا
